origin_port,grid_id,grid_center_lon,grid_center_lat,energy_type,emission_standard,type,trip_count,vehicle_count_x
外6,G5_2710_735,121.74417888029814,31.343960575473936,柴油,国六,客车,236,74
外4,G5_2706_734,121.56451582347424,31.30559199950064,柴油,国六,集卡,171,40
外4,G5_2704_736,121.47468429506229,31.382313508724522,柴油,国五,集卡,159,117
外4,G5_2712_723,121.83401040871009,30.882508365567617,柴油,国六,集卡,158,76
外4,G5_2712_723,121.83401040871009,30.882508365567617,柴油,国五,集卡,106,53
外4,G5_2706_734,121.56451582347424,31.30559199950064,柴油,国五,集卡,106,38
外6,G5_2710_736,121.74417888029814,31.382313508724522,柴油,国六,客车,99,34
外4,G5_2704_736,121.47468429506229,31.382313508724522,柴油,国六,集卡,97,78
外4,G5_2707_733,121.60943158768023,31.267207791637656,柴油,国六,集卡,93,30
外4,G5_2709_733,121.69926311609218,31.267207791637656,柴油,国五,集卡,84,60
外4,G5_2709_733,121.69926311609218,31.267207791637656,柴油,国六,集卡,82,52
外5,G5_2706_734,121.56451582347424,31.30559199950064,柴油,国五,普通货车,71,10
外2,G5_2704_736,121.47468429506229,31.382313508724522,柴油,国五,集卡,70,56
外4,G5_2713_723,121.87892617291608,30.882508365567617,柴油,国六,集卡,69,50
外6,G5_2711_735,121.78909464450413,31.343960575473936,柴油,国五,客车,65,20
外1,G5_2712_723,121.83401040871009,30.882508365567617,柴油,国六,集卡,64,42
外4,G5_2703_736,121.42976853085631,31.382313508724522,柴油,国五,集卡,64,53
外4,G5_2704_735,121.47468429506229,31.343960575473936,柴油,国五,集卡,62,53
外4,G5_2710_731,121.74417888029814,31.190392523736996,柴油,国四,集卡,61,13
外4,G5_2704_736,121.47468429506229,31.382313508724522,柴油,国四,集卡,61,38
外4,G5_2704_735,121.47468429506229,31.343960575473936,电动,新能源,未知,57,25
外4,G5_2705_735,121.51960005926826,31.343960575473936,柴油,国五,集卡,54,36
外4,G5_2704_736,121.47468429506229,31.382313508724522,其他,未知,未知,54,23
外4,G5_2704_735,121.47468429506229,31.343960575473936,柴油,国六,集卡,53,33
外2,G5_2712_723,121.83401040871009,30.882508365567617,柴油,国六,集卡,47,42
外4,G5_2704_735,121.47468429506229,31.343960575473936,其他,未知,未知,45,18
外1,G5_2704_736,121.47468429506229,31.382313508724522,柴油,国五,集卡,45,44
外2,G5_2712_723,121.83401040871009,30.882508365567617,柴油,国五,集卡,43,31
外4,G5_2713_723,121.87892617291608,30.882508365567617,柴油,国五,集卡,43,39
外4,G5_2702_738,121.38485276665034,31.45897240388786,柴油,国五,集卡,39,33
外4,G5_2702_736,121.38485276665034,31.382313508724522,柴油,国五,集卡,38,26
外2,G5_2704_735,121.47468429506229,31.343960575473936,柴油,国五,集卡,38,31
外6,G5_2710_735,121.74417888029814,31.343960575473936,柴油,国五,客车,36,17
外4,G5_2708_733,121.65434735188619,31.267207791637656,柴油,国六,集卡,35,20
外1,G5_2712_723,121.83401040871009,30.882508365567617,柴油,国五,集卡,35,26
外4,G5_2709_733,121.69926311609218,31.267207791637656,柴油,国四,集卡,35,19
外1,G5_2707_733,121.60943158768023,31.267207791637656,柴油,国六,集卡,34,13
外2,G5_2704_736,121.47468429506229,31.382313508724522,柴油,国六,集卡,34,31
外1,G5_2702_738,121.38485276665034,31.45897240388786,柴油,国五,集卡,34,26
外4,G5_2703_736,121.42976853085631,31.382313508724522,柴油,国六,集卡,34,25
外2,G5_2706_734,121.56451582347424,31.30559199950064,柴油,国五,集卡,33,22
外5,G5_2701_726,121.33993700244436,30.99808156047971,柴油,国五,集卡,33,22
外1,G5_2704_736,121.47468429506229,31.382313508724522,柴油,国六,集卡,33,28
外1,G5_2703_736,121.42976853085631,31.382313508724522,柴油,国五,集卡,32,28
外1,G5_2709_733,121.69926311609218,31.267207791637656,柴油,国五,集卡,32,27
外2,G5_2703_736,121.42976853085631,31.382313508724522,柴油,国五,集卡,32,31
外2,G5_2709_733,121.69926311609218,31.267207791637656,柴油,国五,集卡,32,26
外5,G5_2705_726,121.51960005926826,30.99808156047971,柴油,国五,集卡,30,23
外1,G5_2706_734,121.56451582347424,31.30559199950064,柴油,国五,集卡,29,16
外4,G5_2700_735,121.2950212382384,31.343960575473936,柴油,国六,集卡,29,28
外2,G5_2705_735,121.51960005926826,31.343960575473936,柴油,国五,集卡,29,28
外4,G5_2710_731,121.74417888029814,31.190392523736996,柴油,国六,集卡,28,9
外6,G5_2710_736,121.74417888029814,31.382313508724522,柴油,国五,集卡,28,19
外4,G5_2702_736,121.38485276665034,31.382313508724522,柴油,国六,集卡,28,27
外4,G5_2702_737,121.38485276665034,31.420650788451876,柴油,国五,集卡,28,26
外2,G5_2704_735,121.47468429506229,31.343960575473936,电动,新能源,未知,27,17
外2,G5_2707_733,121.60943158768023,31.267207791637656,柴油,国六,集卡,27,13
外1,G5_2709_733,121.69926311609218,31.267207791637656,柴油,国六,集卡,27,19
外4,G5_2700_735,121.2950212382384,31.343960575473936,柴油,国五,集卡,27,23
外1,G5_2704_735,121.47468429506229,31.343960575473936,其他,未知,未知,26,17
外4,G5_2709_732,121.69926311609218,31.228807962750448,柴油,国四,集卡,26,6
外2,G5_2709_733,121.69926311609218,31.267207791637656,柴油,国六,集卡,26,23
外4,G5_2710_723,121.74417888029814,30.882508365567617,柴油,国五,集卡,25,22
外2,G5_2706_734,121.56451582347424,31.30559199950064,柴油,国六,集卡,25,18
外2,G5_2713_723,121.87892617291608,30.882508365567617,柴油,国六,集卡,25,25
外4,G5_2709_732,121.69926311609218,31.228807962750448,柴油,国五,集卡,25,19
外6,G5_2710_735,121.74417888029814,31.343960575473936,其他,未知,未知,24,10
外4,G5_2705_736,121.51960005926826,31.382313508724522,柴油,国五,集卡,24,24
外4,G5_2710_723,121.74417888029814,30.882508365567617,电动,新能源,未知,24,18
外4,G5_2713_722,121.87892617291608,30.843952931191293,柴油,国五,集卡,24,23
外4,G5_2703_736,121.42976853085631,31.382313508724522,其他,未知,未知,23,13
外4,G5_2704_721,121.47468429506229,30.805381997457314,柴油,国五,集卡,23,17
外5,G5_2707_733,121.60943158768023,31.267207791637656,柴油,国六,集卡,23,16
外5,G5_2705_735,121.51960005926826,31.343960575473936,柴油,国五,集卡,23,20
外1,G5_2704_735,121.47468429506229,31.343960575473936,柴油,国六,集卡,23,16
外2,G5_2710_731,121.74417888029814,31.190392523736996,柴油,国四,集卡,23,8
外6,G5_2710_735,121.74417888029814,31.343960575473936,柴油,国五,集卡,23,18
外4,G5_2706_734,121.56451582347424,31.30559199950064,柴油,国四,集卡,22,9
外6,G5_2709_736,121.69926311609218,31.382313508724522,柴油,国五,客车,22,12
外1,G5_2702_736,121.38485276665034,31.382313508724522,柴油,国五,集卡,22,18
外4,G5_2708_732,121.65434735188619,31.228807962750448,柴油,国五,集卡,22,19
外2,G5_2704_735,121.47468429506229,31.343960575473936,其他,未知,未知,21,11
外2,G5_2712_727,121.83401040871009,31.036574885517357,柴油,国六,集卡,21,14
外4,G5_2704_737,121.47468429506229,31.420650788451876,电动,新能源,未知,21,12
外4,G5_2708_732,121.65434735188619,31.228807962750448,柴油,国六,集卡,21,18
外4,G5_2702_734,121.38485276665034,31.30559199950064,柴油,国五,集卡,21,11
外4,G5_2710_732,121.74417888029814,31.228807962750448,柴油,国五,集卡,21,18
外5,G5_2701_726,121.33993700244436,30.99808156047971,柴油,国五,普通货车,21,14
外4,G5_2710_724,121.74417888029814,30.921048289362904,柴油,国五,集卡,21,11
外1,G5_2706_734,121.56451582347424,31.30559199950064,柴油,国六,集卡,20,12
外1,G5_2710_731,121.74417888029814,31.190392523736996,柴油,国四,集卡,20,9
外6,G5_2710_735,121.74417888029814,31.343960575473936,柴油,国六,普通货车,20,7
外2,G5_2704_735,121.47468429506229,31.343960575473936,柴油,国四,集卡,20,10
外1,G5_2700_735,121.2950212382384,31.343960575473936,柴油,国六,集卡,20,18
外4,G5_2703_736,121.42976853085631,31.382313508724522,柴油,国四,集卡,20,19
外4,G5_2701_734,121.33993700244436,31.30559199950064,柴油,国五,集卡,20,19
外4,G5_2707_732,121.60943158768023,31.228807962750448,柴油,国六,集卡,20,7
外4,G5_2700_719,121.2950212382384,30.728193676973024,柴油,国五,集卡,20,17
外4,G5_2710_731,121.74417888029814,31.190392523736996,柴油,国五,集卡,20,13
外2,G5_2710_723,121.74417888029814,30.882508365567617,电动,新能源,未知,20,15
外1,G5_2709_733,121.69926311609218,31.267207791637656,柴油,国四,集卡,20,12
外5,G5_2701_732,121.33993700244436,31.228807962750448,柴油,国五,集卡,19,4
外4,G5_2712_723,121.83401040871009,30.882508365567617,其他,未知,未知,19,12
外1,G5_2705_735,121.51960005926826,31.343960575473936,其他,未知,未知,19,5
外6,G5_2710_735,121.74417888029814,31.343960575473936,柴油,国五,普通货车,19,8
外4,G5_2704_722,121.47468429506229,30.843952931191293,柴油,国五,集卡,19,15
外2,G5_2713_723,121.87892617291608,30.882508365567617,柴油,国五,集卡,19,18
外6,G5_2709_736,121.69926311609218,31.382313508724522,柴油,国六,普通货车,19,9
外4,G5_2706_722,121.56451582347424,30.843952931191293,柴油,国五,集卡,19,14
外4,G5_2710_733,121.74417888029814,31.267207791637656,柴油,国六,集卡,18,16
外5,G5_2710_730,121.74417888029814,31.151961485527742,柴油,国六,普通货车,18,2
外4,G5_2705_735,121.51960005926826,31.343960575473936,柴油,国六,集卡,18,12
外2,G5_2705_735,121.51960005926826,31.343960575473936,柴油,国六,集卡,18,16
外2,G5_2704_735,121.47468429506229,31.343960575473936,柴油,国六,集卡,18,15
外4,G5_2704_737,121.47468429506229,31.420650788451876,其他,未知,未知,18,9
外6,G5_2710_736,121.74417888029814,31.382313508724522,柴油,国五,客车,18,8
外4,G5_2710_723,121.74417888029814,30.882508365567617,柴油,国六,集卡,18,15
外4,G5_2703_737,121.42976853085631,31.420650788451876,柴油,国五,集卡,18,16
外4,G5_2708_733,121.65434735188619,31.267207791637656,电动,新能源,未知,18,15
外4,G5_2710_730,121.74417888029814,31.151961485527742,柴油,国六,集卡,17,10
外1,G5_2705_735,121.51960005926826,31.343960575473936,柴油,国六,集卡,17,11
外4,G5_2710_730,121.74417888029814,31.151961485527742,柴油,国五,集卡,17,13
外5,G5_2704_735,121.47468429506229,31.343960575473936,柴油,国五,集卡,17,15
外4,G5_2699_727,121.25010547403241,31.036574885517357,柴油,国五,集卡,17,12
外4,G5_2703_721,121.42976853085631,30.805381997457314,柴油,国五,集卡,17,15
外4,G5_2702_738,121.38485276665034,31.45897240388786,柴油,国六,集卡,17,13
外6,G5_2711_735,121.78909464450413,31.343960575473936,柴油,国六,客车,16,6
外2,G5_2705_736,121.51960005926826,31.382313508724522,柴油,国五,集卡,16,12
外4,G5_2700_727,121.2950212382384,31.036574885517357,柴油,国五,集卡,16,15
外2,G5_2705_726,121.51960005926826,30.99808156047971,柴油,国五,集卡,16,15
外2,G5_2702_738,121.38485276665034,31.45897240388786,柴油,国五,集卡,16,13
外4,G5_2704_735,121.47468429506229,31.343960575473936,柴油,国四,集卡,16,13
外4,G5_2712_727,121.83401040871009,31.036574885517357,柴油,国六,集卡,16,10
外4,G5_2700_738,121.2950212382384,31.45897240388786,柴油,国五,集卡,16,7
外1,G5_2704_735,121.47468429506229,31.343960575473936,电动,新能源,未知,16,11
外4,G5_2709_733,121.69926311609218,31.267207791637656,其他,未知,未知,16,12
外4,G5_2705_736,121.51960005926826,31.382313508724522,柴油,国四,集卡,15,13
外5,G5_2703_736,121.42976853085631,31.382313508724522,柴油,国五,集卡,15,12
外1,G5_2713_723,121.87892617291608,30.882508365567617,柴油,国六,集卡,15,15
外4,G5_2702_734,121.38485276665034,31.30559199950064,柴油,国六,集卡,15,8
外1,G5_2704_736,121.47468429506229,31.382313508724522,其他,未知,未知,15,13
外4,G5_2707_733,121.60943158768023,31.267207791637656,柴油,国四,集卡,15,5
外1,G5_2702_736,121.38485276665034,31.382313508724522,柴油,国六,集卡,15,15
外2,G5_2704_736,121.47468429506229,31.382313508724522,柴油,国四,集卡,15,13
外1,G5_2700_727,121.2950212382384,31.036574885517357,柴油,国五,集卡,15,11
外6,G5_2702_743,121.38485276665034,31.650345142083754,柴油,国六,普通货车,15,5
外6,G5_2701_726,121.33993700244436,30.99808156047971,柴油,国五,集卡,15,12
外4,G5_2702_739,121.38485276665034,31.497278344296827,柴油,国五,集卡,14,12
外4,G5_2702_737,121.38485276665034,31.420650788451876,柴油,国四,集卡,14,9
外6,G5_2710_736,121.74417888029814,31.382313508724522,其他,未知,未知,14,7
外2,G5_2702_736,121.38485276665034,31.382313508724522,柴油,国五,集卡,14,13
外4,G5_2705_736,121.51960005926826,31.382313508724522,柴油,国六,集卡,14,13
外5,G5_2704_736,121.47468429506229,31.382313508724522,柴油,国五,集卡,14,14
外5,G5_2708_733,121.65434735188619,31.267207791637656,柴油,国六,普通货车,14,3
外2,G5_2704_736,121.47468429506229,31.382313508724522,其他,未知,未知,14,13
外6,G5_2712_727,121.83401040871009,31.036574885517357,柴油,国六,普通货车,14,3
外2,G5_2703_736,121.42976853085631,31.382313508724522,柴油,国六,集卡,14,12
外2,G5_2702_739,121.38485276665034,31.497278344296827,柴油,国五,集卡,14,10
外2,G5_2710_724,121.74417888029814,30.921048289362904,柴油,国五,集卡,14,13
外4,G5_2710_733,121.74417888029814,31.267207791637656,柴油,国五,集卡,14,7
外1,G5_2710_723,121.74417888029814,30.882508365567617,柴油,国五,集卡,14,12
外4,G5_2701_732,121.33993700244436,31.228807962750448,柴油,国五,集卡,14,9
外4,G5_2707_733,121.60943158768023,31.267207791637656,柴油,国五,集卡,14,10
外2,G5_2708_733,121.65434735188619,31.267207791637656,柴油,国六,集卡,14,10
外5,G5_2703_736,121.42976853085631,31.382313508724522,柴油,国六,集卡,14,11
外1,G5_2709_732,121.69926311609218,31.228807962750448,柴油,国五,集卡,13,11
外4,G5_2694_723,121.02552665300253,30.882508365567617,柴油,国五,集卡,13,7
外6,G5_2701_734,121.33993700244436,31.30559199950064,柴油,国六,普通货车,13,2
外4,G5_2704_736,121.47468429506229,31.382313508724522,电动,新能源,未知,13,12
外4,G5_2700_730,121.2950212382384,31.151961485527742,柴油,国五,集卡,13,12
外2,G5_2712_728,121.83401040871009,31.075052655406168,柴油,国六,集卡,13,12
外1,G5_2706_734,121.56451582347424,31.30559199950064,柴油,国五,普通货车,13,6
外4,G5_2712_728,121.83401040871009,31.075052655406168,柴油,国五,集卡,13,13
外5,G5_2703_725,121.42976853085631,30.959572691386352,柴油,国五,集卡,13,7
外4,G5_2709_733,121.69926311609218,31.267207791637656,电动,新能源,未知,13,11
外5,G5_2707_733,121.60943158768023,31.267207791637656,柴油,国五,集卡,13,4
外4,G5_2709_727,121.69926311609218,31.036574885517357,柴油,国五,集卡,13,8
外4,G5_2711_723,121.78909464450413,30.882508365567617,柴油,国五,集卡,13,11
外1,G5_2704_721,121.47468429506229,30.805381997457314,柴油,国五,集卡,13,11
外4,G5_2701_732,121.33993700244436,31.228807962750448,柴油,国六,集卡,13,10
外4,G5_2706_734,121.56451582347424,31.30559199950064,其他,未知,未知,13,7
外1,G5_2694_723,121.02552665300253,30.882508365567617,柴油,国五,集卡,12,10
外4,G5_2703_737,121.42976853085631,31.420650788451876,柴油,国六,集卡,12,11
外6,G5_2711_734,121.78909464450413,31.30559199950064,柴油,国五,客车,12,4
外1,G5_2713_723,121.87892617291608,30.882508365567617,柴油,国五,集卡,12,12
外6,G5_2710_736,121.74417888029814,31.382313508724522,柴油,国六,集卡,12,4
外4,G5_2707_734,121.60943158768023,31.30559199950064,柴油,国五,集卡,12,12
外4,G5_2710_731,121.74417888029814,31.190392523736996,其他,未知,未知,12,3
外4,G5_2710_724,121.74417888029814,30.921048289362904,柴油,国六,集卡,12,10
外2,G5_2708_733,121.65434735188619,31.267207791637656,柴油,国五,集卡,12,11
外4,G5_2705_735,121.51960005926826,31.343960575473936,柴油,国四,集卡,11,10
外4,G5_2700_728,121.2950212382384,31.075052655406168,柴油,国五,集卡,11,10
外4,G5_2702_737,121.38485276665034,31.420650788451876,柴油,国六,集卡,11,10
外6,G5_2709_727,121.69926311609218,31.036574885517357,柴油,国六,普通货车,11,4
外1,G5_2705_735,121.51960005926826,31.343960575473936,柴油,国五,集卡,11,11
外1,G5_2700_735,121.2950212382384,31.343960575473936,柴油,国五,集卡,11,10
外4,G5_2702_736,121.38485276665034,31.382313508724522,柴油,国四,集卡,11,9
外4,G5_2702_737,121.38485276665034,31.420650788451876,其他,未知,未知,11,10
外6,G5_2709_729,121.69926311609218,31.11351485908563,柴油,国六,普通货车,11,5
外6,G5_2701_733,121.33993700244436,31.267207791637656,柴油,国五,普通货车,11,3
外4,G5_2710_732,121.74417888029814,31.228807962750448,柴油,国六,集卡,11,11
外2,G5_2710_723,121.74417888029814,30.882508365567617,柴油,国五,集卡,11,9
外4,G5_2708_733,121.65434735188619,31.267207791637656,柴油,国五,集卡,11,9
外5,G5_2710_730,121.74417888029814,31.151961485527742,柴油,国五,集卡,11,1
外4,G5_2708_733,121.65434735188619,31.267207791637656,柴油,国四,集卡,11,6
外1,G5_2703_736,121.42976853085631,31.382313508724522,柴油,国六,集卡,11,9
外4,G5_2711_722,121.78909464450413,30.843952931191293,柴油,国五,集卡,11,11
外2,G5_2708_726,121.65434735188619,30.99808156047971,柴油,国五,集卡,11,9
外4,G5_2701_735,121.33993700244436,31.343960575473936,柴油,国五,集卡,11,10
外4,G5_2702_726,121.38485276665034,30.99808156047971,柴油,国六,集卡,11,11
外2,G5_2708_733,121.65434735188619,31.267207791637656,电动,新能源,未知,11,10
外1,G5_2710_731,121.74417888029814,31.190392523736996,柴油,国六,集卡,11,6
外5,G5_2700_735,121.2950212382384,31.343960575473936,柴油,国五,集卡,11,9
外6,G5_2709_736,121.69926311609218,31.382313508724522,柴油,国五,普通货车,11,9
外4,G5_2698_734,121.20518970982643,31.30559199950064,柴油,国五,集卡,11,9
外4,G5_2699_727,121.25010547403241,31.036574885517357,柴油,国四,集卡,11,11
外6,G5_2710_735,121.74417888029814,31.343960575473936,柴油,国六,集卡,10,5
外2,G5_2705_735,121.51960005926826,31.343960575473936,其他,未知,未知,10,5
外4,G5_2703_721,121.42976853085631,30.805381997457314,其他,未知,未知,10,6
外4,G5_2703_725,121.42976853085631,30.959572691386352,柴油,国五,集卡,10,10
外5,G5_2703_725,121.42976853085631,30.959572691386352,柴油,国六,集卡,10,6
外4,G5_2705_735,121.51960005926826,31.343960575473936,其他,未知,未知,10,9
外1,G5_2701_735,121.33993700244436,31.343960575473936,柴油,国六,集卡,10,10
外5,G5_2703_728,121.42976853085631,31.075052655406168,柴油,国五,普通货车,10,9
外2,G5_2699_727,121.25010547403241,31.036574885517357,柴油,国五,集卡,10,10
外4,G5_2701_737,121.33993700244436,31.420650788451876,柴油,国五,集卡,10,8
外4,G5_2700_729,121.2950212382384,31.11351485908563,柴油,国五,集卡,10,10
外1,G5_2705_736,121.51960005926826,31.382313508724522,柴油,国五,集卡,10,10
外4,G5_2711_731,121.78909464450413,31.190392523736996,柴油,国四,集卡,10,3
外4,G5_2713_723,121.87892617291608,30.882508365567617,柴油,国四,集卡,10,10
外4,G5_2697_737,121.16027394562046,31.420650788451876,柴油,国五,集卡,10,9
外2,G5_2708_732,121.65434735188619,31.228807962750448,柴油,国五,集卡,10,9
外5,G5_2709_733,121.69926311609218,31.267207791637656,柴油,国六,集卡,10,10
外5,G5_2708_733,121.65434735188619,31.267207791637656,柴油,国六,集卡,10,9
外5,G5_2706_734,121.56451582347424,31.30559199950064,柴油,国六,集卡,10,8
外4,G5_2701_738,121.33993700244436,31.45897240388786,柴油,国五,集卡,10,9
外1,G5_2704_735,121.47468429506229,31.343960575473936,柴油,国五,集卡,10,10
外4,G5_2700_737,121.2950212382384,31.420650788451876,柴油,国五,集卡,10,7
外4,G5_2710_723,121.74417888029814,30.882508365567617,其他,未知,未知,10,8
外5,G5_2700_727,121.2950212382384,31.036574885517357,柴油,国五,集卡,9,6
外2,G5_2703_721,121.42976853085631,30.805381997457314,柴油,国五,集卡,9,9
外6,G5_2701_734,121.33993700244436,31.30559199950064,柴油,国五,普通货车,9,4
外1,G5_2709_732,121.69926311609218,31.228807962750448,柴油,国六,集卡,9,4
外1,G5_2704_735,121.47468429506229,31.343960575473936,柴油,国四,集卡,9,5
外4,G5_2709_727,121.69926311609218,31.036574885517357,柴油,国四,集卡,9,4
外4,G5_2709_727,121.69926311609218,31.036574885517357,柴油,国六,集卡,9,9
外5,G5_2707_734,121.60943158768023,31.30559199950064,柴油,国五,集卡,9,4
外4,G5_2700_726,121.2950212382384,30.99808156047971,柴油,国五,集卡,9,9
外4,G5_2699_738,121.25010547403241,31.45897240388786,柴油,国五,集卡,9,8
外2,G5_2711_722,121.78909464450413,30.843952931191293,柴油,国五,集卡,9,9
外2,G5_2700_730,121.2950212382384,31.151961485527742,柴油,国五,集卡,9,8
外4,G5_2709_727,121.69926311609218,31.036574885517357,电动,新能源,未知,9,4
外4,G5_2711_730,121.78909464450413,31.151961485527742,柴油,国六,集卡,9,6
外1,G5_2713_722,121.87892617291608,30.843952931191293,柴油,国五,集卡,9,7
外4,G5_2712_726,121.83401040871009,30.99808156047971,柴油,国五,集卡,9,6
外1,G5_2708_733,121.65434735188619,31.267207791637656,柴油,国六,集卡,9,7
外4,G5_2713_725,121.87892617291608,30.959572691386352,柴油,国六,集卡,9,8
外5,G5_2705_735,121.51960005926826,31.343960575473936,柴油,国六,集卡,9,9
外6,G5_2709_727,121.69926311609218,31.036574885517357,柴油,国五,普通货车,9,4
外6,G5_2712_728,121.83401040871009,31.075052655406168,柴油,国六,普通货车,9,3
外4,G5_2699_737,121.25010547403241,31.420650788451876,柴油,国五,集卡,8,7
外6,G5_2710_736,121.74417888029814,31.382313508724522,柴油,国五,普通货车,8,6
外6,G5_2697_734,121.16027394562046,31.30559199950064,柴油,国六,普通货车,8,5
外4,G5_2704_723,121.47468429506229,30.882508365567617,柴油,国五,集卡,8,8
外4,G5_2704_722,121.47468429506229,30.843952931191293,柴油,国六,集卡,8,6
外4,G5_2704_721,121.47468429506229,30.805381997457314,柴油,国六,集卡,8,5
外2,G5_2702_738,121.38485276665034,31.45897240388786,柴油,国六,集卡,8,6
外6,G5_2709_736,121.69926311609218,31.382313508724522,柴油,国五,集卡,8,7
外6,G5_2702_743,121.38485276665034,31.650345142083754,柴油,国五,集卡,8,4
外4,G5_2698_737,121.20518970982643,31.420650788451876,柴油,国六,集卡,8,8
外1,G5_2702_739,121.38485276665034,31.497278344296827,柴油,国五,集卡,8,7
外1,G5_2707_733,121.60943158768023,31.267207791637656,柴油,国五,集卡,8,5
外1,G5_2704_736,121.47468429506229,31.382313508724522,柴油,国四,集卡,8,7
外4,G5_2712_723,121.83401040871009,30.882508365567617,柴油,国四,集卡,8,5
外4,G5_2703_722,121.42976853085631,30.843952931191293,柴油,国五,集卡,8,8
外6,G5_2712_739,121.83401040871009,31.497278344296827,柴油,国五,客车,8,3
外2,G5_2704_737,121.47468429506229,31.420650788451876,电动,新能源,未知,8,7
外6,G5_2706_734,121.56451582347424,31.30559199950064,柴油,国五,集卡,8,4
外6,G5_2701_726,121.33993700244436,30.99808156047971,其他,未知,未知,8,3
外6,G5_2712_728,121.83401040871009,31.075052655406168,柴油,国五,普通货车,8,2
外4,G5_2710_723,121.74417888029814,30.882508365567617,柴油,国四,集卡,8,6
外4,G5_2704_737,121.47468429506229,31.420650788451876,柴油,国六,集卡,8,5
外4,G5_2713_725,121.87892617291608,30.959572691386352,柴油,国五,集卡,8,7
外4,G5_2701_727,121.33993700244436,31.036574885517357,柴油,国五,集卡,8,5
外4,G5_2701_722,121.33993700244436,30.843952931191293,柴油,国五,集卡,8,8
外4,G5_2701_723,121.33993700244436,30.882508365567617,柴油,国五,集卡,8,6
外2,G5_2710_732,121.74417888029814,31.228807962750448,柴油,国五,集卡,8,8
外2,G5_2710_733,121.74417888029814,31.267207791637656,柴油,国六,集卡,8,6
外2,G5_2700_727,121.2950212382384,31.036574885517357,柴油,国五,集卡,8,8
外4,G5_2701_721,121.33993700244436,30.805381997457314,柴油,国五,集卡,8,7
外2,G5_2700_735,121.2950212382384,31.343960575473936,柴油,国五,集卡,8,8
外4,G5_2705_736,121.51960005926826,31.382313508724522,其他,未知,未知,8,8
外4,G5_2702_726,121.38485276665034,30.99808156047971,柴油,国五,集卡,8,8
外4,G5_2702_728,121.38485276665034,31.075052655406168,柴油,国五,集卡,8,7
外4,G5_2708_726,121.65434735188619,30.99808156047971,柴油,国五,集卡,8,5
外6,G5_2702_743,121.38485276665034,31.650345142083754,柴油,国五,普通货车,8,3
外5,G5_2704_736,121.47468429506229,31.382313508724522,柴油,国六,集卡,8,8
外4,G5_2710_732,121.74417888029814,31.228807962750448,柴油,国四,集卡,8,7
外5,G5_2707_733,121.60943158768023,31.267207791637656,柴油,国四,集卡,8,4
外2,G5_2709_732,121.69926311609218,31.228807962750448,柴油,国五,集卡,8,8
外5,G5_2704_735,121.47468429506229,31.343960575473936,柴油,国六,集卡,8,7
外2,G5_2709_727,121.69926311609218,31.036574885517357,柴油,国六,集卡,8,5
外4,G5_2712_724,121.83401040871009,30.921048289362904,柴油,国六,集卡,8,8
外6,G5_2710_740,121.74417888029814,31.535568598975548,柴油,国五,集卡,7,3
外4,G5_2709_723,121.69926311609218,30.882508365567617,柴油,国五,集卡,7,7
外4,G5_2711_723,121.78909464450413,30.882508365567617,柴油,国六,集卡,7,7
外4,G5_2712_728,121.83401040871009,31.075052655406168,柴油,国六,集卡,7,7
外5,G5_2704_735,121.47468429506229,31.343960575473936,其他,未知,未知,7,6
外1,G5_2712_724,121.83401040871009,30.921048289362904,柴油,国五,集卡,7,5
外4,G5_2708_732,121.65434735188619,31.228807962750448,柴油,国四,集卡,7,6
外1,G5_2704_722,121.47468429506229,30.843952931191293,柴油,国五,集卡,7,6
外5,G5_2700_735,121.2950212382384,31.343960575473936,柴油,国六,集卡,7,6
外2,G5_2706_722,121.56451582347424,30.843952931191293,柴油,国六,集卡,7,7
外6,G5_2701_726,121.33993700244436,30.99808156047971,柴油,国五,普通货车,7,7
外4,G5_2698_726,121.20518970982643,30.99808156047971,柴油,国五,集卡,7,6
外2,G5_2709_733,121.69926311609218,31.267207791637656,柴油,国四,集卡,7,5
外2,G5_2710_724,121.74417888029814,30.921048289362904,柴油,国六,集卡,7,5
外4,G5_2703_721,121.42976853085631,30.805381997457314,柴油,国六,集卡,7,7
外2,G5_2709_732,121.69926311609218,31.228807962750448,柴油,国四,集卡,7,3
外2,G5_2709_727,121.69926311609218,31.036574885517357,柴油,国五,集卡,7,5
外4,G5_2712_724,121.83401040871009,30.921048289362904,柴油,国五,集卡,7,7
外4,G5_2712_722,121.83401040871009,30.843952931191293,柴油,国六,集卡,7,7
外4,G5_2705_736,121.51960005926826,31.382313508724522,电动,新能源,未知,7,7
外4,G5_2701_726,121.33993700244436,30.99808156047971,柴油,国五,集卡,7,6
外4,G5_2704_721,121.47468429506229,30.805381997457314,其他,未知,未知,7,3
外1,G5_2700_727,121.2950212382384,31.036574885517357,柴油,国四,集卡,7,6
外4,G5_2709_729,121.69926311609218,31.11351485908563,柴油,国五,集卡,7,6
外5,G5_2698_732,121.20518970982643,31.228807962750448,柴油,国五,集卡,7,7
外2,G5_2701_721,121.33993700244436,30.805381997457314,柴油,国五,集卡,7,7
外2,G5_2702_736,121.38485276665034,31.382313508724522,柴油,国六,集卡,7,5
外2,G5_2702_737,121.38485276665034,31.420650788451876,柴油,国五,集卡,7,7
外4,G5_2698_737,121.20518970982643,31.420650788451876,柴油,国五,集卡,7,7
外1,G5_2706_734,121.56451582347424,31.30559199950064,其他,未知,未知,7,4
外5,G5_2710_731,121.74417888029814,31.190392523736996,柴油,国四,集卡,7,6
外6,G5_2718_734,122.10350499394596,31.30559199950064,柴油,国五,渣土,6,1
外6,G5_2712_740,121.83401040871009,31.535568598975548,柴油,国六,客车,6,3
外1,G5_2710_723,121.74417888029814,30.882508365567617,柴油,国六,集卡,6,6
外1,G5_2712_723,121.83401040871009,30.882508365567617,其他,未知,未知,6,6
外4,G5_2699_727,121.25010547403241,31.036574885517357,柴油,国六,集卡,6,5
外2,G5_2712_723,121.83401040871009,30.882508365567617,其他,未知,未知,6,5
外4,G5_2707_727,121.60943158768023,31.036574885517357,柴油,国六,集卡,6,6
外2,G5_2700_730,121.2950212382384,31.151961485527742,柴油,国六,集卡,6,6
外4,G5_2700_719,121.2950212382384,30.728193676973024,其他,未知,未知,6,5
外4,G5_2713_723,121.87892617291608,30.882508365567617,电动,新能源,未知,6,6
外4,G5_2701_723,121.33993700244436,30.882508365567617,柴油,国六,集卡,6,6
外2,G5_2710_732,121.74417888029814,31.228807962750448,柴油,国六,集卡,6,6
外4,G5_2706_731,121.56451582347424,31.190392523736996,电动,新能源,未知,6,2
外4,G5_2699_737,121.25010547403241,31.420650788451876,柴油,国六,集卡,6,6
外4,G5_2713_722,121.87892617291608,30.843952931191293,柴油,国六,集卡,6,5
外5,G5_2702_738,121.38485276665034,31.45897240388786,柴油,国五,集卡,6,6
外1,G5_2709_733,121.69926311609218,31.267207791637656,其他,未知,未知,6,6
外2,G5_2701_722,121.33993700244436,30.843952931191293,柴油,国五,集卡,6,6
外6,G5_2709_743,121.69926311609218,31.650345142083754,柴油,国六,集卡,6,1
外1,G5_2701_727,121.33993700244436,31.036574885517357,柴油,国六,集卡,6,5
外1,G5_2701_728,121.33993700244436,31.075052655406168,柴油,国五,集卡,6,6
外6,G5_2709_736,121.69926311609218,31.382313508724522,柴油,国六,客车,6,4
外1,G5_2707_729,121.60943158768023,31.11351485908563,柴油,国五,集卡,6,6
外1,G5_2708_731,121.65434735188619,31.190392523736996,柴油,国五,集卡,6,6
外2,G5_2705_736,121.51960005926826,31.382313508724522,柴油,国四,集卡,6,5
外6,G5_2703_728,121.42976853085631,31.075052655406168,其他,未知,未知,6,3
外2,G5_2702_726,121.38485276665034,30.99808156047971,柴油,国六,集卡,6,6
外2,G5_2704_721,121.47468429506229,30.805381997457314,柴油,国五,集卡,6,6
外2,G5_2703_736,121.42976853085631,31.382313508724522,其他,未知,未知,6,5
外4,G5_2700_727,121.2950212382384,31.036574885517357,柴油,国六,集卡,6,6
外2,G5_2708_732,121.65434735188619,31.228807962750448,柴油,国六,集卡,6,6
外2,G5_2701_738,121.33993700244436,31.45897240388786,柴油,国五,集卡,6,6
外2,G5_2701_735,121.33993700244436,31.343960575473936,柴油,国六,集卡,6,1
外5,G5_2708_733,121.65434735188619,31.267207791637656,柴油,国五,集卡,6,5
外4,G5_2701_721,121.33993700244436,30.805381997457314,柴油,国六,集卡,6,5
外4,G5_2711_723,121.78909464450413,30.882508365567617,其他,未知,未知,6,6
外4,G5_2701_738,121.33993700244436,31.45897240388786,柴油,国六,集卡,6,5
外4,G5_2702_721,121.38485276665034,30.805381997457314,柴油,国五,集卡,6,5
外5,G5_2706_734,121.56451582347424,31.30559199950064,柴油,国四,普通货车,6,2
外1,G5_2703_736,121.42976853085631,31.382313508724522,柴油,国四,集卡,6,3
外4,G5_2709_727,121.69926311609218,31.036574885517357,其他,未知,未知,6,2
外4,G5_2709_731,121.69926311609218,31.190392523736996,柴油,国五,集卡,6,4
外2,G5_2697_737,121.16027394562046,31.420650788451876,柴油,国五,集卡,6,6
外2,G5_2709_732,121.69926311609218,31.228807962750448,柴油,国六,集卡,6,6
外4,G5_2711_724,121.78909464450413,30.921048289362904,柴油,国五,集卡,6,6
外4,G5_2711_724,121.78909464450413,30.921048289362904,柴油,国六,集卡,6,4
外4,G5_2701_735,121.33993700244436,31.343960575473936,柴油,国六,集卡,6,6
外4,G5_2701_726,121.33993700244436,30.99808156047971,柴油,国六,集卡,6,4
外4,G5_2712_727,121.83401040871009,31.036574885517357,柴油,国五,集卡,6,6
外2,G5_2709_733,121.69926311609218,31.267207791637656,其他,未知,未知,6,5
外4,G5_2703_722,121.42976853085631,30.843952931191293,柴油,国六,集卡,6,6
外2,G5_2703_736,121.42976853085631,31.382313508724522,柴油,国四,集卡,6,5
外4,G5_2699_734,121.25010547403241,31.30559199950064,柴油,国五,集卡,6,6
外4,G5_2702_739,121.38485276665034,31.497278344296827,柴油,国六,集卡,6,6
外4,G5_2697_727,121.16027394562046,31.036574885517357,柴油,国五,集卡,6,6
外4,G5_2710_726,121.74417888029814,30.99808156047971,柴油,国五,集卡,6,5
外4,G5_2710_727,121.74417888029814,31.036574885517357,柴油,国六,集卡,6,6
外4,G5_2702_738,121.38485276665034,31.45897240388786,柴油,国四,集卡,6,6
外6,G5_2707_737,121.60943158768023,31.420650788451876,柴油,国五,集卡,6,2
外1,G5_2701_735,121.33993700244436,31.343960575473936,柴油,国五,集卡,6,6
外4,G5_2704_735,121.47468429506229,31.343960575473936,柴油,国六,普通货车,6,4
外4,G5_2697_731,121.16027394562046,31.190392523736996,柴油,国五,集卡,6,6
外6,G5_2707_740,121.60943158768023,31.535568598975548,柴油,国五,集卡,6,1
外2,G5_2712_724,121.83401040871009,30.921048289362904,柴油,国五,集卡,6,6
外2,G5_2713_725,121.87892617291608,30.959572691386352,柴油,国六,集卡,6,6
外2,G5_2712_726,121.83401040871009,30.99808156047971,柴油,国五,集卡,6,4
外2,G5_2712_724,121.83401040871009,30.921048289362904,柴油,国六,集卡,5,5
外2,G5_2712_728,121.83401040871009,31.075052655406168,柴油,国五,集卡,5,4
外2,G5_2712_724,121.83401040871009,30.921048289362904,电动,新能源,未知,5,5
外1,G5_2702_738,121.38485276665034,31.45897240388786,柴油,国六,集卡,5,4
外6,G5_2712_727,121.83401040871009,31.036574885517357,柴油,国五,普通货车,5,1
外2,G5_2706_733,121.56451582347424,31.267207791637656,柴油,国六,集卡,5,3
外2,G5_2705_735,121.51960005926826,31.343960575473936,柴油,国四,集卡,5,5
外6,G5_2706_734,121.56451582347424,31.30559199950064,柴油,国五,普通货车,5,5
外4,G5_2702_738,121.38485276665034,31.45897240388786,其他,未知,未知,5,3
外4,G5_2703_720,121.42976853085631,30.76679557562169,柴油,国五,集卡,5,4
外2,G5_2703_737,121.42976853085631,31.420650788451876,柴油,国五,集卡,5,4
外4,G5_2704_726,121.47468429506229,30.99808156047971,柴油,国五,集卡,5,5
外6,G5_2711_734,121.78909464450413,31.30559199950064,柴油,国六,集卡,5,4
外2,G5_2705_736,121.51960005926826,31.382313508724522,其他,未知,未知,5,5
外1,G5_2702_736,121.38485276665034,31.382313508724522,柴油,国四,集卡,5,5
外5,G5_2710_723,121.74417888029814,30.882508365567617,柴油,国五,集卡,5,5
外2,G5_2710_730,121.74417888029814,31.151961485527742,柴油,国六,集卡,5,4
外4,G5_2707_726,121.60943158768023,30.99808156047971,柴油,国五,集卡,5,5
外4,G5_2707_733,121.60943158768023,31.267207791637656,其他,未知,未知,5,3
外4,G5_2707_732,121.60943158768023,31.228807962750448,柴油,国五,集卡,5,4
外4,G5_2707_734,121.60943158768023,31.30559199950064,其他,未知,未知,5,3
外4,G5_2709_732,121.69926311609218,31.228807962750448,柴油,国六,集卡,5,4
外2,G5_2707_734,121.60943158768023,31.30559199950064,柴油,国六,集卡,5,5
外2,G5_2708_726,121.65434735188619,30.99808156047971,柴油,国六,集卡,5,4
外2,G5_2708_733,121.65434735188619,31.267207791637656,柴油,国四,集卡,5,4
外1,G5_2708_732,121.65434735188619,31.228807962750448,柴油,国六,集卡,5,5
外1,G5_2708_731,121.65434735188619,31.190392523736996,其他,未知,未知,5,3
外2,G5_2709_730,121.69926311609218,31.151961485527742,柴油,国五,集卡,5,5
外4,G5_2711_729,121.78909464450413,31.11351485908563,柴油,国五,集卡,5,4
外2,G5_2701_727,121.33993700244436,31.036574885517357,柴油,国五,集卡,5,5
外5,G5_2708_732,121.65434735188619,31.228807962750448,柴油,国五,集卡,5,5
外2,G5_2710_731,121.74417888029814,31.190392523736996,柴油,国六,集卡,5,3
外4,G5_2710_724,121.74417888029814,30.921048289362904,其他,未知,未知,5,3
外2,G5_2710_724,121.74417888029814,30.921048289362904,其他,未知,未知,5,4
外2,G5_2710_723,121.74417888029814,30.882508365567617,柴油,国六,集卡,5,5
外4,G5_2708_731,121.65434735188619,31.190392523736996,柴油,国六,集卡,5,3
外4,G5_2708_732,121.65434735188619,31.228807962750448,其他,未知,未知,5,5
外4,G5_2698_732,121.20518970982643,31.228807962750448,柴油,国五,集卡,5,4
外6,G5_2709_736,121.69926311609218,31.382313508724522,柴油,国五,渣土,5,4
外6,G5_2709_736,121.69926311609218,31.382313508724522,柴油,国六,集卡,5,4
外6,G5_2709_736,121.69926311609218,31.382313508724522,其他,未知,未知,5,4
外6,G5_2710_723,121.74417888029814,30.882508365567617,柴油,国五,集卡,5,4
外1,G5_2700_733,121.2950212382384,31.267207791637656,柴油,国五,集卡,5,3
外1,G5_2702_737,121.38485276665034,31.420650788451876,柴油,国五,集卡,5,4
外2,G5_2701_723,121.33993700244436,30.882508365567617,柴油,国五,集卡,5,4
外2,G5_2701_737,121.33993700244436,31.420650788451876,柴油,国五,集卡,5,5
外1,G5_2705_736,121.51960005926826,31.382313508724522,柴油,国四,集卡,5,3
外1,G5_2702_738,121.38485276665034,31.45897240388786,其他,未知,未知,5,5
外5,G5_2701_738,121.33993700244436,31.45897240388786,柴油,国五,集卡,5,5
外1,G5_2706_734,121.56451582347424,31.30559199950064,柴油,国四,集卡,5,4
外5,G5_2705_736,121.51960005926826,31.382313508724522,柴油,国六,集卡,5,5
外6,G5_2709_740,121.69926311609218,31.535568598975548,柴油,国六,普通货车,5,4
外6,G5_2708_737,121.65434735188619,31.420650788451876,柴油,国五,普通货车,5,1
外4,G5_2699_729,121.25010547403241,31.11351485908563,电动,新能源,未知,5,5
外6,G5_2699_733,121.25010547403241,31.267207791637656,柴油,国五,普通货车,5,2
外6,G5_2700_732,121.2950212382384,31.228807962750448,柴油,国六,客车,5,5
外4,G5_2699_727,121.25010547403241,31.036574885517357,其他,未知,未知,5,3
外2,G5_2712_723,121.83401040871009,30.882508365567617,电动,新能源,未知,5,5
外1,G5_2697_736,121.16027394562046,31.382313508724522,柴油,国五,集卡,5,5
外1,G5_2700_726,121.2950212382384,30.99808156047971,柴油,国五,集卡,5,5
外6,G5_2710_736,121.74417888029814,31.382313508724522,柴油,国六,普通货车,5,4
外1,G5_2709_732,121.69926311609218,31.228807962750448,柴油,国四,集卡,5,5
外5,G5_2713_722,121.87892617291608,30.843952931191293,柴油,国五,集卡,5,5
外6,G5_2698_731,121.20518970982643,31.190392523736996,柴油,国六,普通货车,5,2
外5,G5_2713_723,121.87892617291608,30.882508365567617,其他,未知,未知,5,5
外5,G5_2701_726,121.33993700244436,30.99808156047971,柴油,国六,集卡,5,4
外1,G5_2708_731,121.65434735188619,31.190392523736996,柴油,国六,集卡,5,4
外4,G5_2702_736,121.38485276665034,31.382313508724522,其他,未知,未知,5,4
外6,G5_2705_734,121.51960005926826,31.30559199950064,柴油,国六,客车,5,3
外4,G5_2700_727,121.2950212382384,31.036574885517357,柴油,国四,集卡,5,5
外2,G5_2710_733,121.74417888029814,31.267207791637656,柴油,国五,集卡,5,5
外2,G5_2711_731,121.78909464450413,31.190392523736996,柴油,国五,集卡,5,4
外1,G5_2705_736,121.51960005926826,31.382313508724522,柴油,国六,集卡,5,5
外4,G5_2706_733,121.56451582347424,31.267207791637656,柴油,国五,集卡,5,4
外4,G5_2701_727,121.33993700244436,31.036574885517357,柴油,国六,集卡,5,4
外1,G5_2710_731,121.74417888029814,31.190392523736996,柴油,国五,集卡,5,4
外1,G5_2711_723,121.78909464450413,30.882508365567617,柴油,国五,集卡,5,5
外5,G5_2701_739,121.33993700244436,31.497278344296827,柴油,国五,集卡,5,3
外4,G5_2704_723,121.47468429506229,30.882508365567617,柴油,国六,集卡,5,3
外2,G5_2703_721,121.42976853085631,30.805381997457314,柴油,国六,集卡,5,5
外2,G5_2703_721,121.42976853085631,30.805381997457314,其他,未知,未知,5,4
外2,G5_2702_736,121.38485276665034,31.382313508724522,柴油,国四,集卡,5,3
外4,G5_2705_726,121.51960005926826,30.99808156047971,柴油,国五,集卡,5,5
外4,G5_2706_734,121.56451582347424,31.30559199950064,电动,新能源,未知,5,2
外2,G5_2702_726,121.38485276665034,30.99808156047971,柴油,国五,集卡,5,5
外4,G5_2708_726,121.65434735188619,30.99808156047971,柴油,国六,集卡,5,4
外4,G5_2712_724,121.83401040871009,30.921048289362904,柴油,国四,集卡,5,5
外1,G5_2710_733,121.74417888029814,31.267207791637656,柴油,国五,集卡,5,5
外4,G5_2700_727,121.2950212382384,31.036574885517357,其他,未知,未知,5,5
外4,G5_2700_726,121.2950212382384,30.99808156047971,柴油,国六,集卡,5,4
外6,G5_2711_735,121.78909464450413,31.343960575473936,其他,未知,未知,4,3
外4,G5_2702_739,121.38485276665034,31.497278344296827,柴油,国四,集卡,4,4
外6,G5_2706_738,121.56451582347424,31.45897240388786,柴油,国六,普通货车,4,3
外4,G5_2697_730,121.16027394562046,31.151961485527742,柴油,国五,集卡,4,4
外6,G5_2711_735,121.78909464450413,31.343960575473936,柴油,国六,集卡,4,3
外2,G5_2706_734,121.56451582347424,31.30559199950064,其他,未知,未知,4,3
外2,G5_2705_736,121.51960005926826,31.382313508724522,电动,新能源,未知,4,4
外1,G5_2702_724,121.38485276665034,30.921048289362904,柴油,国五,集卡,4,4
外4,G5_2703_725,121.42976853085631,30.959572691386352,柴油,国四,集卡,4,3
外4,G5_2700_719,121.2950212382384,30.728193676973024,柴油,国六,集卡,4,4
外4,G5_2699_733,121.25010547403241,31.267207791637656,柴油,国六,集卡,4,2
外4,G5_2707_726,121.60943158768023,30.99808156047971,柴油,国四,集卡,4,3
外4,G5_2707_727,121.60943158768023,31.036574885517357,柴油,国五,集卡,4,4
外1,G5_2712_724,121.83401040871009,30.921048289362904,柴油,国六,集卡,4,3
外1,G5_2710_732,121.74417888029814,31.228807962750448,柴油,国四,集卡,4,4
外1,G5_2712_726,121.83401040871009,30.99808156047971,柴油,国五,集卡,4,2
外4,G5_2711_731,121.78909464450413,31.190392523736996,柴油,国五,集卡,4,3
外1,G5_2713_723,121.87892617291608,30.882508365567617,柴油,国四,集卡,4,3
外1,G5_2713_723,121.87892617291608,30.882508365567617,其他,未知,未知,4,4
外5,G5_2704_736,121.47468429506229,31.382313508724522,柴油,国四,集卡,4,4
外2,G5_2698_732,121.20518970982643,31.228807962750448,柴油,国五,集卡,4,3
外2,G5_2707_734,121.60943158768023,31.30559199950064,柴油,国四,集卡,4,4
外4,G5_2702_725,121.38485276665034,30.959572691386352,柴油,国六,集卡,4,4
外2,G5_2709_732,121.69926311609218,31.228807962750448,其他,未知,未知,4,4
外4,G5_2701_734,121.33993700244436,31.30559199950064,柴油,国六,集卡,4,3
外4,G5_2712_728,121.83401040871009,31.075052655406168,柴油,国四,集卡,4,4
外5,G5_2704_735,121.47468429506229,31.343960575473936,柴油,国四,集卡,4,3
外4,G5_2702_721,121.38485276665034,30.805381997457314,柴油,国六,集卡,4,4
外2,G5_2707_733,121.60943158768023,31.267207791637656,柴油,国四,集卡,4,4
外2,G5_2707_733,121.60943158768023,31.267207791637656,柴油,国五,集卡,4,4
外1,G5_2709_727,121.69926311609218,31.036574885517357,电动,新能源,未知,4,2
外2,G5_2698_737,121.20518970982643,31.420650788451876,柴油,国五,集卡,4,4
外2,G5_2699_730,121.25010547403241,31.151961485527742,柴油,国五,集卡,4,4
外5,G5_2710_726,121.74417888029814,30.99808156047971,柴油,国五,其它,4,3
外1,G5_2708_732,121.65434735188619,31.228807962750448,柴油,国五,集卡,4,4
外1,G5_2703_721,121.42976853085631,30.805381997457314,柴油,国六,集卡,4,4
外5,G5_2712_722,121.83401040871009,30.843952931191293,柴油,国六,普通货车,4,4
外5,G5_2712_722,121.83401040871009,30.843952931191293,柴油,国五,普通货车,4,4
外5,G5_2712_724,121.83401040871009,30.921048289362904,柴油,国五,普通货车,4,4
外5,G5_2711_723,121.78909464450413,30.882508365567617,柴油,国五,集卡,4,4
外1,G5_2703_736,121.42976853085631,31.382313508724522,其他,未知,未知,4,4
外5,G5_2705_736,121.51960005926826,31.382313508724522,电动,新能源,未知,4,4
外5,G5_2709_733,121.69926311609218,31.267207791637656,其他,未知,未知,4,2
外1,G5_2698_732,121.20518970982643,31.228807962750448,电动,新能源,未知,4,4
外4,G5_2712_726,121.83401040871009,30.99808156047971,柴油,国六,集卡,4,4
外4,G5_2700_739,121.2950212382384,31.497278344296827,柴油,国五,集卡,4,2
外4,G5_2700_738,121.2950212382384,31.45897240388786,柴油,国六,集卡,4,4
外4,G5_2712_723,121.83401040871009,30.882508365567617,电动,新能源,未知,4,4
外4,G5_2710_725,121.74417888029814,30.959572691386352,柴油,国五,集卡,4,4
外4,G5_2700_735,121.2950212382384,31.343960575473936,柴油,国四,集卡,4,4
外4,G5_2700_734,121.2950212382384,31.30559199950064,柴油,国五,集卡,4,3
外1,G5_2699_738,121.25010547403241,31.45897240388786,柴油,国五,集卡,4,4
外2,G5_2697_726,121.16027394562046,30.99808156047971,柴油,国五,集卡,4,3
外2,G5_2710_731,121.74417888029814,31.190392523736996,柴油,国五,集卡,4,3
外2,G5_2710_730,121.74417888029814,31.151961485527742,柴油,国五,集卡,4,4
外6,G5_2712_722,121.83401040871009,30.843952931191293,柴油,国六,普通货车,4,4
外4,G5_2697_736,121.16027394562046,31.382313508724522,柴油,国五,集卡,4,4
外6,G5_2707_727,121.60943158768023,31.036574885517357,柴油,国六,普通货车,4,2
外2,G5_2713_723,121.87892617291608,30.882508365567617,其他,未知,未知,4,4
外6,G5_2708_737,121.65434735188619,31.420650788451876,柴油,国五,集卡,4,3
外1,G5_2701_734,121.33993700244436,31.30559199950064,柴油,国五,集卡,4,4
外2,G5_2704_737,121.47468429506229,31.420650788451876,其他,未知,未知,4,4
外4,G5_2703_732,121.42976853085631,31.228807962750448,柴油,国五,客车,4,1
外4,G5_2695_728,121.07044241720851,31.075052655406168,柴油,国五,集卡,4,4
外4,G5_2695_725,121.07044241720851,30.959572691386352,柴油,国五,集卡,4,4
外4,G5_2697_731,121.16027394562046,31.190392523736996,柴油,国六,集卡,4,4
外2,G5_2708_732,121.65434735188619,31.228807962750448,柴油,国四,集卡,4,4
外4,G5_2701_728,121.33993700244436,31.075052655406168,柴油,国六,集卡,4,4
外1,G5_2710_730,121.74417888029814,31.151961485527742,柴油,国六,集卡,4,4
外5,G5_2703_720,121.42976853085631,30.76679557562169,柴油,国五,集卡,4,3
外4,G5_2708_731,121.65434735188619,31.190392523736996,柴油,国五,集卡,4,4
外4,G5_2708_731,121.65434735188619,31.190392523736996,柴油,国四,集卡,4,4
外2,G5_2700_725,121.2950212382384,30.959572691386352,柴油,国五,集卡,4,4
外4,G5_2707_734,121.60943158768023,31.30559199950064,柴油,国六,集卡,4,4
外4,G5_2707_730,121.60943158768023,31.151961485527742,柴油,国五,集卡,4,3
外4,G5_2695_731,121.07044241720851,31.190392523736996,柴油,国五,集卡,4,4
外1,G5_2701_722,121.33993700244436,30.843952931191293,柴油,国五,集卡,4,3
外2,G5_2702_739,121.38485276665034,31.497278344296827,柴油,国六,集卡,4,4
外2,G5_2704_722,121.47468429506229,30.843952931191293,柴油,国五,集卡,4,4
外4,G5_2703_737,121.42976853085631,31.420650788451876,其他,未知,未知,4,4
外4,G5_2704_737,121.47468429506229,31.420650788451876,柴油,国四,集卡,4,3
外2,G5_2702_727,121.38485276665034,31.036574885517357,柴油,国五,集卡,4,4
外4,G5_2705_728,121.51960005926826,31.075052655406168,柴油,国五,集卡,4,3
外2,G5_2702_738,121.38485276665034,31.45897240388786,电动,新能源,未知,4,4
外4,G5_2700_730,121.2950212382384,31.151961485527742,柴油,国六,集卡,4,4
外2,G5_2711_723,121.78909464450413,30.882508365567617,柴油,国五,集卡,4,4
外2,G5_2711_723,121.78909464450413,30.882508365567617,柴油,国六,集卡,4,4
外4,G5_2706_735,121.56451582347424,31.343960575473936,柴油,国五,集卡,4,3
外4,G5_2706_722,121.56451582347424,30.843952931191293,柴油,国六,集卡,4,4
外4,G5_2706_735,121.56451582347424,31.343960575473936,柴油,国四,集卡,4,4
外2,G5_2701_726,121.33993700244436,30.99808156047971,柴油,国六,集卡,4,4
外2,G5_2710_733,121.74417888029814,31.267207791637656,柴油,国四,集卡,4,3
外4,G5_2700_733,121.2950212382384,31.267207791637656,柴油,国五,集卡,4,4
外4,G5_2700_726,121.2950212382384,30.99808156047971,其他,未知,未知,4,4
外4,G5_2700_726,121.2950212382384,30.99808156047971,柴油,国四,集卡,4,4
外1,G5_2702_726,121.38485276665034,30.99808156047971,柴油,国五,集卡,4,4
外2,G5_2700_733,121.2950212382384,31.267207791637656,柴油,国五,集卡,4,4
外5,G5_2695_731,121.07044241720851,31.190392523736996,柴油,国五,集卡,4,2
外5,G5_2702_737,121.38485276665034,31.420650788451876,柴油,国五,集卡,4,3
外5,G5_2699_733,121.25010547403241,31.267207791637656,柴油,国五,集卡,4,4
外4,G5_2713_723,121.87892617291608,30.882508365567617,其他,未知,未知,4,3
外4,G5_2713_722,121.87892617291608,30.843952931191293,柴油,国四,集卡,4,4
外5,G5_2697_735,121.16027394562046,31.343960575473936,柴油,国五,普通货车,4,4
外1,G5_2710_732,121.74417888029814,31.228807962750448,柴油,国五,集卡,4,4
外1,G5_2710_723,121.74417888029814,30.882508365567617,柴油,国四,集卡,4,4
外6,G5_2703_735,121.42976853085631,31.343960575473936,柴油,国六,普通货车,4,1
外6,G5_2703_742,121.42976853085631,31.612102008491252,其他,未知,未知,4,1
外5,G5_2702_721,121.38485276665034,30.805381997457314,柴油,国五,集卡,4,2
外5,G5_2701_728,121.33993700244436,31.075052655406168,柴油,国五,集卡,4,4
外5,G5_2705_726,121.51960005926826,30.99808156047971,柴油,国六,集卡,4,3
外5,G5_2701_734,121.33993700244436,31.30559199950064,柴油,国五,集卡,4,4
外6,G5_2704_743,121.47468429506229,31.650345142083754,柴油,国六,普通货车,4,1
外6,G5_2705_728,121.51960005926826,31.075052655406168,柴油,国六,普通货车,4,2
外2,G5_2705_736,121.51960005926826,31.382313508724522,柴油,国六,集卡,4,4
外1,G5_2705_736,121.51960005926826,31.382313508724522,电动,新能源,未知,4,4
外6,G5_2705_735,121.51960005926826,31.343960575473936,柴油,国五,集卡,4,4
外1,G5_2700_727,121.2950212382384,31.036574885517357,其他,未知,未知,4,3
外1,G5_2700_727,121.2950212382384,31.036574885517357,柴油,国六,集卡,4,4
外6,G5_2708_737,121.65434735188619,31.420650788451876,其他,未知,未知,4,4
外1,G5_2703_721,121.42976853085631,30.805381997457314,柴油,国五,集卡,4,4
外1,G5_2700_738,121.2950212382384,31.45897240388786,柴油,国五,集卡,4,3
外1,G5_2707_734,121.60943158768023,31.30559199950064,柴油,国五,集卡,4,4
外5,G5_2700_727,121.2950212382384,31.036574885517357,柴油,国四,集卡,4,2
外1,G5_2704_721,121.47468429506229,30.805381997457314,其他,未知,未知,4,4
外5,G5_2713_723,121.87892617291608,30.882508365567617,柴油,国五,集卡,4,4
外5,G5_2713_723,121.87892617291608,30.882508365567617,柴油,国五,普通货车,4,4
外6,G5_2705_736,121.51960005926826,31.382313508724522,柴油,国六,客车,4,2
外1,G5_2709_731,121.69926311609218,31.190392523736996,柴油,国五,集卡,4,4
外5,G5_2701_726,121.33993700244436,30.99808156047971,柴油,国四,普通货车,4,2
外5,G5_2700_730,121.2950212382384,31.151961485527742,柴油,国五,集卡,4,4
外5,G5_2700_735,121.2950212382384,31.343960575473936,其他,未知,未知,4,3
外1,G5_2708_731,121.65434735188619,31.190392523736996,柴油,国五,普通货车,4,2
外6,G5_2698_732,121.20518970982643,31.228807962750448,柴油,国五,普通货车,4,2
外6,G5_2699_737,121.25010547403241,31.420650788451876,柴油,国六,集卡,4,3
外6,G5_2698_733,121.20518970982643,31.267207791637656,柴油,国六,普通货车,4,1
外6,G5_2713_724,121.87892617291608,30.921048289362904,电动,新能源,未知,4,4
外4,G5_2699_733,121.25010547403241,31.267207791637656,柴油,国五,集卡,4,4
外1,G5_2697_737,121.16027394562046,31.420650788451876,柴油,国五,集卡,4,3
外1,G5_2700_719,121.2950212382384,30.728193676973024,柴油,国五,集卡,4,4
外6,G5_2710_739,121.74417888029814,31.497278344296827,柴油,国五,普通货车,3,1
外6,G5_2710_735,121.74417888029814,31.343960575473936,柴油,国四,客车,3,1
外1,G5_2699_727,121.25010547403241,31.036574885517357,其他,未知,未知,3,2
外1,G5_2699_727,121.25010547403241,31.036574885517357,柴油,国五,集卡,3,3
外6,G5_2710_730,121.74417888029814,31.151961485527742,柴油,国六,集卡,3,2
外6,G5_2710_731,121.74417888029814,31.190392523736996,柴油,国四,集卡,3,3
外6,G5_2710_726,121.74417888029814,30.99808156047971,柴油,国五,普通货车,3,3
外6,G5_2710_730,121.74417888029814,31.151961485527742,柴油,国五,渣土,3,1
外4,G5_2698_729,121.20518970982643,31.11351485908563,柴油,国五,集卡,3,3
外4,G5_2697_726,121.16027394562046,30.99808156047971,柴油,国六,集卡,3,2
外6,G5_2712_723,121.83401040871009,30.882508365567617,柴油,国六,集卡,3,3
外6,G5_2711_735,121.78909464450413,31.343960575473936,柴油,国六,普通货车,3,2
外6,G5_2711_735,121.78909464450413,31.343960575473936,柴油,国四,客车,3,1
外4,G5_2702_738,121.38485276665034,31.45897240388786,电动,新能源,未知,3,3
外4,G5_2702_739,121.38485276665034,31.497278344296827,其他,未知,未知,3,2
外2,G5_2706_722,121.56451582347424,30.843952931191293,其他,未知,未知,3,3
外4,G5_2702_736,121.38485276665034,31.382313508724522,电动,新能源,未知,3,3
外4,G5_2703_736,121.42976853085631,31.382313508724522,柴油,国六,普通货车,3,3
外4,G5_2703_728,121.42976853085631,31.075052655406168,柴油,国五,集卡,3,2
外2,G5_2705_726,121.51960005926826,30.99808156047971,柴油,国四,集卡,3,3
外2,G5_2704_736,121.47468429506229,31.382313508724522,电动,新能源,未知,3,2
外4,G5_2703_724,121.42976853085631,30.921048289362904,柴油,国五,集卡,3,3
外4,G5_2703_725,121.42976853085631,30.959572691386352,其他,未知,未知,3,3
外4,G5_2703_725,121.42976853085631,30.959572691386352,柴油,国六,集卡,3,3
外4,G5_2703_726,121.42976853085631,30.99808156047971,柴油,国五,集卡,3,3
外4,G5_2704_725,121.47468429506229,30.959572691386352,柴油,国五,集卡,3,3
外2,G5_2704_721,121.47468429506229,30.805381997457314,其他,未知,未知,3,2
外2,G5_2703_727,121.42976853085631,31.036574885517357,柴油,国五,集卡,3,3
外4,G5_2704_721,121.47468429506229,30.805381997457314,柴油,国四,集卡,3,3
外4,G5_2704_722,121.47468429506229,30.843952931191293,柴油,国四,集卡,3,3
外4,G5_2705_729,121.51960005926826,31.11351485908563,电动,新能源,未知,3,1
外4,G5_2705_733,121.51960005926826,31.267207791637656,柴油,国五,集卡,3,2
外4,G5_2705_726,121.51960005926826,30.99808156047971,柴油,国四,集卡,3,2
外2,G5_2701_738,121.33993700244436,31.45897240388786,柴油,国六,集卡,3,2
外4,G5_2704_737,121.47468429506229,31.420650788451876,柴油,国五,集卡,3,3
外2,G5_2701_734,121.33993700244436,31.30559199950064,柴油,国五,集卡,3,3
外2,G5_2700_738,121.2950212382384,31.45897240388786,柴油,国六,集卡,3,3
外2,G5_2701_720,121.33993700244436,30.76679557562169,柴油,国六,集卡,3,2
外2,G5_2700_736,121.2950212382384,31.382313508724522,柴油,国五,集卡,3,3
外4,G5_2706_735,121.56451582347424,31.343960575473936,柴油,国六,集卡,3,1
外4,G5_2707_724,121.60943158768023,30.921048289362904,柴油,国五,集卡,3,3
外4,G5_2706_722,121.56451582347424,30.843952931191293,其他,未知,未知,3,3
外4,G5_2705_729,121.51960005926826,31.11351485908563,柴油,国五,集卡,3,3
外4,G5_2708_728,121.65434735188619,31.075052655406168,柴油,国五,集卡,3,3
外2,G5_2700_729,121.2950212382384,31.11351485908563,柴油,国六,集卡,3,3
外2,G5_2699_737,121.25010547403241,31.420650788451876,柴油,国五,集卡,3,3
外4,G5_2702_728,121.38485276665034,31.075052655406168,柴油,国六,集卡,3,3
外4,G5_2702_729,121.38485276665034,31.11351485908563,柴油,国五,客车,3,1
外2,G5_2707_734,121.60943158768023,31.30559199950064,柴油,国五,集卡,3,3
外2,G5_2707_727,121.60943158768023,31.036574885517357,柴油,国六,集卡,3,3
外2,G5_2707_729,121.60943158768023,31.11351485908563,柴油,国五,集卡,3,3
外2,G5_2706_734,121.56451582347424,31.30559199950064,柴油,国四,集卡,3,3
外2,G5_2706_735,121.56451582347424,31.343960575473936,柴油,国五,集卡,3,3
外2,G5_2707_724,121.60943158768023,30.921048289362904,柴油,国六,集卡,3,2
外2,G5_2707_725,121.60943158768023,30.959572691386352,柴油,国五,集卡,3,3
外4,G5_2701_738,121.33993700244436,31.45897240388786,其他,未知,未知,3,2
外4,G5_2709_731,121.69926311609218,31.190392523736996,柴油,国六,集卡,3,2
外2,G5_2699_734,121.25010547403241,31.30559199950064,柴油,国五,集卡,3,3
外2,G5_2699_729,121.25010547403241,31.11351485908563,电动,新能源,未知,3,3
外2,G5_2699_727,121.25010547403241,31.036574885517357,其他,未知,未知,3,3
外2,G5_2699_728,121.25010547403241,31.075052655406168,柴油,国五,集卡,3,3
外2,G5_2698_735,121.20518970982643,31.343960575473936,柴油,国五,集卡,3,3
外4,G5_2709_724,121.69926311609218,30.921048289362904,柴油,国五,集卡,3,1
外4,G5_2709_728,121.69926311609218,31.075052655406168,柴油,国五,集卡,3,2
外2,G5_2696_725,121.11535818141448,30.959572691386352,柴油,国六,集卡,3,3
外4,G5_2710_733,121.74417888029814,31.267207791637656,柴油,国四,集卡,3,3
外4,G5_2711_722,121.78909464450413,30.843952931191293,柴油,国四,集卡,3,3
外4,G5_2710_732,121.74417888029814,31.228807962750448,其他,未知,未知,3,3
外4,G5_2710_725,121.74417888029814,30.959572691386352,柴油,国六,集卡,3,3
外4,G5_2710_724,121.74417888029814,30.921048289362904,柴油,国四,集卡,3,3
外1,G5_2712_728,121.83401040871009,31.075052655406168,柴油,国六,集卡,3,3
外4,G5_2712_722,121.83401040871009,30.843952931191293,柴油,国五,集卡,3,3
外2,G5_2697_736,121.16027394562046,31.382313508724522,柴油,国五,集卡,3,2
外2,G5_2696_732,121.11535818141448,31.228807962750448,柴油,国五,集卡,3,2
外1,G5_2711_729,121.78909464450413,31.11351485908563,柴油,国六,集卡,3,2
外5,G5_2699_727,121.25010547403241,31.036574885517357,柴油,国五,集卡,3,3
外5,G5_2699_732,121.25010547403241,31.228807962750448,柴油,国五,集卡,3,3
外5,G5_2698_724,121.20518970982643,30.921048289362904,柴油,国六,集卡,3,3
外5,G5_2697_734,121.16027394562046,31.30559199950064,柴油,国六,集卡,3,3
外4,G5_2712_724,121.83401040871009,30.921048289362904,电动,新能源,未知,3,3
外4,G5_2701_734,121.33993700244436,31.30559199950064,其他,未知,未知,3,2
外2,G5_2709_731,121.69926311609218,31.190392523736996,柴油,国四,集卡,3,3
外2,G5_2709_727,121.69926311609218,31.036574885517357,柴油,国四,集卡,3,3
外2,G5_2709_727,121.69926311609218,31.036574885517357,电动,新能源,未知,3,3
外2,G5_2708_733,121.65434735188619,31.267207791637656,其他,未知,未知,3,3
外2,G5_2708_731,121.65434735188619,31.190392523736996,柴油,国六,集卡,3,2
外4,G5_2701_728,121.33993700244436,31.075052655406168,柴油,国五,集卡,3,3
外1,G5_2710_723,121.74417888029814,30.882508365567617,电动,新能源,未知,3,3
外1,G5_2710_726,121.74417888029814,30.99808156047971,柴油,国五,集卡,3,3
外5,G5_2701_726,121.33993700244436,30.99808156047971,其他,未知,未知,3,2
外5,G5_2700_736,121.2950212382384,31.382313508724522,柴油,国四,集卡,3,2
外5,G5_2700_738,121.2950212382384,31.45897240388786,柴油,国四,集卡,3,3
外5,G5_2701_723,121.33993700244436,30.882508365567617,柴油,国五,集卡,3,3
外5,G5_2700_726,121.2950212382384,30.99808156047971,柴油,国五,集卡,3,3
外5,G5_2700_727,121.2950212382384,31.036574885517357,柴油,国六,集卡,3,1
外1,G5_2707_733,121.60943158768023,31.267207791637656,柴油,国四,集卡,3,3
外5,G5_2704_721,121.47468429506229,30.805381997457314,柴油,国六,集卡,3,3
外5,G5_2703_728,121.42976853085631,31.075052655406168,其他,未知,未知,3,1
外5,G5_2703_728,121.42976853085631,31.075052655406168,柴油,国五,集卡,3,3
外5,G5_2703_735,121.42976853085631,31.343960575473936,柴油,国五,集卡,3,3
外5,G5_2703_736,121.42976853085631,31.382313508724522,其他,未知,未知,3,3
外5,G5_2702_737,121.38485276665034,31.420650788451876,柴油,国六,集卡,3,3
外5,G5_2702_739,121.38485276665034,31.497278344296827,柴油,国五,集卡,3,3
外5,G5_2701_728,121.33993700244436,31.075052655406168,柴油,国六,集卡,3,3
外1,G5_2710_730,121.74417888029814,31.151961485527742,柴油,国五,集卡,3,3
外1,G5_2710_731,121.74417888029814,31.190392523736996,其他,未知,未知,3,1
外1,G5_2707_726,121.60943158768023,30.99808156047971,柴油,国五,集卡,3,2
外5,G5_2705_735,121.51960005926826,31.343960575473936,柴油,国四,集卡,3,3
外5,G5_2705_726,121.51960005926826,30.99808156047971,其他,未知,未知,3,2
外5,G5_2704_735,121.47468429506229,31.343960575473936,电动,新能源,未知,3,3
外5,G5_2704_725,121.47468429506229,30.959572691386352,柴油,国五,集卡,3,3
外1,G5_2709_727,121.69926311609218,31.036574885517357,柴油,国四,集卡,3,3
外1,G5_2708_733,121.65434735188619,31.267207791637656,柴油,国四,集卡,3,3
外2,G5_2710_730,121.74417888029814,31.151961485527742,柴油,国四,集卡,3,3
外2,G5_2710_731,121.74417888029814,31.190392523736996,其他,未知,未知,3,2
外2,G5_2710_724,121.74417888029814,30.921048289362904,柴油,国四,集卡,3,3
外2,G5_2709_733,121.69926311609218,31.267207791637656,电动,新能源,未知,3,3
外4,G5_2700_736,121.2950212382384,31.382313508724522,柴油,国五,集卡,3,3
外4,G5_2700_738,121.2950212382384,31.45897240388786,其他,未知,未知,3,3
外4,G5_2700_735,121.2950212382384,31.343960575473936,其他,未知,未知,3,3
外1,G5_2704_736,121.47468429506229,31.382313508724522,电动,新能源,未知,3,3
外5,G5_2709_733,121.69926311609218,31.267207791637656,柴油,国六,普通货车,3,3
外5,G5_2709_727,121.69926311609218,31.036574885517357,柴油,国四,集卡,3,2
外5,G5_2708_733,121.65434735188619,31.267207791637656,其他,未知,未知,3,2
外5,G5_2708_733,121.65434735188619,31.267207791637656,柴油,国四,集卡,3,2
外5,G5_2707_734,121.60943158768023,31.30559199950064,柴油,国六,普通货车,3,1
外5,G5_2707_733,121.60943158768023,31.267207791637656,柴油,国六,普通货车,3,1
外5,G5_2707_726,121.60943158768023,30.99808156047971,柴油,国五,集卡,3,3
外5,G5_2706_726,121.56451582347424,30.99808156047971,柴油,国五,集卡,3,3
外1,G5_2707_732,121.60943158768023,31.228807962750448,柴油,国六,集卡,3,2
外1,G5_2704_722,121.47468429506229,30.843952931191293,柴油,国六,集卡,3,3
外1,G5_2703_737,121.42976853085631,31.420650788451876,柴油,国四,集卡,3,2
外1,G5_2703_726,121.42976853085631,30.99808156047971,柴油,国五,集卡,3,2
外1,G5_2703_728,121.42976853085631,31.075052655406168,柴油,国五,集卡,3,3
外5,G5_2710_732,121.74417888029814,31.228807962750448,柴油,国五,集卡,3,3
外5,G5_2711_723,121.78909464450413,30.882508365567617,柴油,国六,普通货车,3,3
外5,G5_2710_724,121.74417888029814,30.921048289362904,柴油,国六,集卡,3,3
外5,G5_2709_733,121.69926311609218,31.267207791637656,柴油,国四,集卡,3,3
外5,G5_2710_723,121.74417888029814,30.882508365567617,柴油,国五,普通货车,3,3
外5,G5_2710_723,121.74417888029814,30.882508365567617,柴油,国六,集卡,3,3
外5,G5_2710_723,121.74417888029814,30.882508365567617,电动,新能源,未知,3,3
外1,G5_2705_729,121.51960005926826,31.11351485908563,其他,未知,未知,3,3
外4,G5_2700_733,121.2950212382384,31.267207791637656,其他,未知,未知,3,2
外2,G5_2711_730,121.78909464450413,31.151961485527742,柴油,国六,集卡,3,3
外2,G5_2711_731,121.78909464450413,31.190392523736996,柴油,国四,集卡,3,2
外2,G5_2711_729,121.78909464450413,31.11351485908563,柴油,国六,集卡,3,3
外2,G5_2711_722,121.78909464450413,30.843952931191293,柴油,国六,集卡,3,3
外2,G5_2710_732,121.74417888029814,31.228807962750448,柴油,国四,集卡,3,3
外4,G5_2700_728,121.2950212382384,31.075052655406168,柴油,国六,集卡,3,3
外1,G5_2702_728,121.38485276665034,31.075052655406168,柴油,国六,集卡,3,3
外1,G5_2702_726,121.38485276665034,30.99808156047971,柴油,国六,集卡,3,3
外6,G5_2699_732,121.25010547403241,31.228807962750448,柴油,国五,普通货车,3,2
外5,G5_2713_723,121.87892617291608,30.882508365567617,柴油,国六,集卡,3,3
外6,G5_2706_733,121.56451582347424,31.267207791637656,柴油,国五,集卡,3,3
外6,G5_2706_722,121.56451582347424,30.843952931191293,柴油,国五,集卡,3,1
外6,G5_2706_728,121.56451582347424,31.075052655406168,柴油,国六,其它,3,1
外6,G5_2705_744,121.51960005926826,31.688572547456985,柴油,国四,集卡,3,1
外6,G5_2704_744,121.47468429506229,31.688572547456985,柴油,国四,客车,3,2
外6,G5_2705_722,121.51960005926826,30.843952931191293,柴油,国六,客车,3,1
外6,G5_2704_736,121.47468429506229,31.382313508724522,其他,未知,未知,3,3
外6,G5_2704_733,121.47468429506229,31.267207791637656,柴油,国六,客车,3,3
外6,G5_2704_734,121.47468429506229,31.30559199950064,柴油,国六,客车,3,1
外6,G5_2704_731,121.47468429506229,31.190392523736996,柴油,国六,客车,3,3
外6,G5_2703_728,121.42976853085631,31.075052655406168,柴油,国五,普通货车,3,1
外6,G5_2703_731,121.42976853085631,31.190392523736996,柴油,国六,客车,3,3
外6,G5_2703_734,121.42976853085631,31.30559199950064,柴油,国五,客车,3,3
外1,G5_2702_737,121.38485276665034,31.420650788451876,其他,未知,未知,3,2
外6,G5_2709_732,121.69926311609218,31.228807962750448,柴油,国四,集卡,3,3
外6,G5_2709_729,121.69926311609218,31.11351485908563,柴油,国五,普通货车,3,3
外1,G5_2700_735,121.2950212382384,31.343960575473936,其他,未知,未知,3,3
外6,G5_2708_737,121.65434735188619,31.420650788451876,柴油,国六,普通货车,3,2
外6,G5_2708_737,121.65434735188619,31.420650788451876,柴油,国四,集卡,3,1
外6,G5_2708_741,121.65434735188619,31.57384315725316,其他,未知,未知,3,2
外6,G5_2708_726,121.65434735188619,30.99808156047971,柴油,国六,集卡,3,2
外6,G5_2708_729,121.65434735188619,31.11351485908563,柴油,国六,客车,3,3
外6,G5_2707_743,121.60943158768023,31.650345142083754,柴油,国五,集卡,3,1
外1,G5_2701_738,121.33993700244436,31.45897240388786,柴油,国五,集卡,3,3
外4,G5_2700_719,121.2950212382384,30.728193676973024,电动,新能源,未知,3,3
外2,G5_2713_723,121.87892617291608,30.882508365567617,柴油,国四,集卡,3,3
外2,G5_2713_725,121.87892617291608,30.959572691386352,柴油,国五,集卡,3,3
外2,G5_2713_722,121.87892617291608,30.843952931191293,柴油,国五,集卡,3,3
外2,G5_2713_722,121.87892617291608,30.843952931191293,柴油,国六,集卡,3,3
外2,G5_2712_727,121.83401040871009,31.036574885517357,柴油,国五,集卡,3,3
外4,G5_2699_730,121.25010547403241,31.151961485527742,柴油,国五,集卡,3,3
外6,G5_2711_735,121.78909464450413,31.343960575473936,柴油,国五,普通货车,3,1
外6,G5_2710_736,121.74417888029814,31.382313508724522,柴油,国四,集卡,3,2
外6,G5_2711_725,121.78909464450413,30.959572691386352,柴油,国六,普通货车,3,3
外1,G5_2698_732,121.20518970982643,31.228807962750448,柴油,国五,集卡,3,3
外6,G5_2712_740,121.83401040871009,31.535568598975548,其他,未知,未知,3,1
外1,G5_2696_731,121.11535818141448,31.190392523736996,柴油,国六,集卡,3,2
外1,G5_2699_737,121.25010547403241,31.420650788451876,柴油,国五,集卡,2,2
外1,G5_2700_719,121.2950212382384,30.728193676973024,其他,未知,未知,2,2
外1,G5_2699_734,121.25010547403241,31.30559199950064,柴油,国五,集卡,2,2
外1,G5_2699_734,121.25010547403241,31.30559199950064,柴油,国六,集卡,2,2
外1,G5_2699_734,121.25010547403241,31.30559199950064,柴油,国四,集卡,2,2
外6,G5_2710_732,121.74417888029814,31.228807962750448,柴油,国五,集卡,2,2
外6,G5_2710_732,121.74417888029814,31.228807962750448,柴油,国六,普通货车,2,2
外6,G5_2710_734,121.74417888029814,31.30559199950064,柴油,国五,普通货车,2,2
外4,G5_2697_731,121.16027394562046,31.190392523736996,其他,未知,未知,2,2
外4,G5_2697_731,121.16027394562046,31.190392523736996,柴油,国四,集卡,2,2
外4,G5_2697_734,121.16027394562046,31.30559199950064,其他,未知,未知,2,1
外4,G5_2697_734,121.16027394562046,31.30559199950064,柴油,国六,集卡,2,2
外4,G5_2697_735,121.16027394562046,31.343960575473936,柴油,国五,集卡,2,2
外4,G5_2697_729,121.16027394562046,31.11351485908563,电动,新能源,未知,2,2
外6,G5_2712_735,121.83401040871009,31.343960575473936,柴油,国五,普通货车,2,1
外6,G5_2712_738,121.83401040871009,31.45897240388786,柴油,国五,集卡,2,1
外4,G5_2697_726,121.16027394562046,30.99808156047971,柴油,国五,集卡,2,2
外4,G5_2697_727,121.16027394562046,31.036574885517357,其他,未知,未知,2,2
外6,G5_2712_723,121.83401040871009,30.882508365567617,柴油,国四,集卡,2,2
外6,G5_2712_724,121.83401040871009,30.921048289362904,柴油,国五,集卡,2,2
外6,G5_2710_727,121.74417888029814,31.036574885517357,柴油,国六,普通货车,2,2
外6,G5_2710_730,121.74417888029814,31.151961485527742,柴油,国五,集卡,2,2
外6,G5_2710_731,121.74417888029814,31.190392523736996,柴油,国五,集卡,2,2
外6,G5_2709_736,121.69926311609218,31.382313508724522,柴油,国四,客车,2,1
外6,G5_2709_740,121.69926311609218,31.535568598975548,柴油,国五,集卡,2,1
外6,G5_2709_732,121.69926311609218,31.228807962750448,柴油,国五,集卡,2,2
外6,G5_2709_733,121.69926311609218,31.267207791637656,柴油,国五,集卡,2,2
外6,G5_2709_733,121.69926311609218,31.267207791637656,柴油,国六,普通货车,2,1
外1,G5_2701_721,121.33993700244436,30.805381997457314,柴油,国五,集卡,2,2
外1,G5_2700_730,121.2950212382384,31.151961485527742,柴油,国六,集卡,2,2
外1,G5_2700_733,121.2950212382384,31.267207791637656,柴油,国六,集卡,2,2
外1,G5_2700_736,121.2950212382384,31.382313508724522,柴油,国五,集卡,2,2
外1,G5_2700_726,121.2950212382384,30.99808156047971,柴油,国六,集卡,2,2
外6,G5_2708_733,121.65434735188619,31.267207791637656,柴油,国五,集卡,2,2
外6,G5_2708_736,121.65434735188619,31.382313508724522,柴油,国六,普通货车,2,2
外6,G5_2708_740,121.65434735188619,31.535568598975548,柴油,国六,普通货车,2,2
外4,G5_2698_735,121.20518970982643,31.343960575473936,柴油,国五,集卡,2,2
外4,G5_2698_731,121.20518970982643,31.190392523736996,柴油,国六,集卡,2,2
外4,G5_2698_732,121.20518970982643,31.228807962750448,电动,新能源,未知,2,2
外4,G5_2698_733,121.20518970982643,31.267207791637656,柴油,国五,集卡,2,2
外4,G5_2698_734,121.20518970982643,31.30559199950064,其他,未知,未知,2,2
外4,G5_2698_724,121.20518970982643,30.921048289362904,柴油,国五,集卡,2,2
外4,G5_2698_724,121.20518970982643,30.921048289362904,柴油,国六,集卡,2,2
外4,G5_2697_736,121.16027394562046,31.382313508724522,柴油,国六,集卡,2,2
外4,G5_2697_737,121.16027394562046,31.420650788451876,柴油,国六,集卡,2,2
外4,G5_2698_721,121.20518970982643,30.805381997457314,柴油,国五,集卡,2,2
外4,G5_2698_722,121.20518970982643,30.843952931191293,柴油,国五,集卡,2,2
外6,G5_2708_731,121.65434735188619,31.190392523736996,柴油,国四,集卡,2,2
外6,G5_2707_740,121.60943158768023,31.535568598975548,柴油,国六,普通货车,2,1
外6,G5_2707_740,121.60943158768023,31.535568598975548,柴油,国六,集卡,2,1
外6,G5_2708_723,121.65434735188619,30.882508365567617,柴油,国五,普通货车,2,1
外6,G5_2707_732,121.60943158768023,31.228807962750448,柴油,国五,客车,2,1
外6,G5_2707_734,121.60943158768023,31.30559199950064,柴油,国六,客车,2,1
外6,G5_2707_737,121.60943158768023,31.420650788451876,柴油,国六,客车,2,1
外6,G5_2707_730,121.60943158768023,31.151961485527742,柴油,国五,普通货车,2,2
外6,G5_2706_733,121.56451582347424,31.267207791637656,柴油,国六,集卡,2,2
外1,G5_2701_735,121.33993700244436,31.343960575473936,柴油,国四,集卡,2,2
外1,G5_2701_737,121.33993700244436,31.420650788451876,柴油,国六,集卡,2,2
外1,G5_2702_719,121.38485276665034,30.728193676973024,柴油,国五,集卡,2,2
外1,G5_2701_727,121.33993700244436,31.036574885517357,柴油,国五,集卡,2,2
外1,G5_2701_734,121.33993700244436,31.30559199950064,其他,未知,未知,2,2
外1,G5_2701_734,121.33993700244436,31.30559199950064,柴油,国四,集卡,2,2
外1,G5_2701_723,121.33993700244436,30.882508365567617,其他,未知,未知,2,2
外1,G5_2701_726,121.33993700244436,30.99808156047971,柴油,国五,集卡,2,2
外1,G5_2701_727,121.33993700244436,31.036574885517357,其他,未知,未知,2,2
外4,G5_2697_720,121.16027394562046,30.76679557562169,柴油,国六,集卡,2,2
外4,G5_2697_723,121.16027394562046,30.882508365567617,柴油,国五,集卡,2,2
外4,G5_2699_721,121.25010547403241,30.805381997457314,柴油,国六,集卡,2,2
外4,G5_2696_731,121.11535818141448,31.190392523736996,柴油,国五,集卡,2,2
外4,G5_2696_731,121.11535818141448,31.190392523736996,柴油,国六,集卡,2,2
外4,G5_2696_731,121.11535818141448,31.190392523736996,柴油,国四,集卡,2,2
外4,G5_2696_732,121.11535818141448,31.228807962750448,柴油,国五,集卡,2,2
外4,G5_2696_733,121.11535818141448,31.267207791637656,柴油,国五,集卡,2,2
外4,G5_2695_731,121.07044241720851,31.190392523736996,柴油,国六,集卡,2,2
外4,G5_2696_725,121.11535818141448,30.959572691386352,柴油,国五,集卡,2,2
外4,G5_2696_727,121.11535818141448,31.036574885517357,柴油,国五,集卡,2,1
外4,G5_2696_728,121.11535818141448,31.075052655406168,柴油,国六,集卡,2,2
外4,G5_2694_723,121.02552665300253,30.882508365567617,柴油,国六,集卡,2,2
外6,G5_2706_730,121.56451582347424,31.151961485527742,柴油,国五,客车,2,2
外6,G5_2706_730,121.56451582347424,31.151961485527742,柴油,国五,渣土,2,2
外6,G5_2706_733,121.56451582347424,31.267207791637656,柴油,国六,客车,2,2
外1,G5_2701_722,121.33993700244436,30.843952931191293,柴油,国六,集卡,2,2
外6,G5_2706_722,121.56451582347424,30.843952931191293,柴油,国四,集卡,2,1
外6,G5_2706_724,121.56451582347424,30.921048289362904,柴油,国五,集卡,2,2
外6,G5_2705_741,121.51960005926826,31.57384315725316,柴油,国五,集卡,2,2
外6,G5_2705_731,121.51960005926826,31.190392523736996,柴油,国五,集卡,2,1
外6,G5_2705_732,121.51960005926826,31.228807962750448,其他,未知,未知,2,1
外6,G5_2705_732,121.51960005926826,31.228807962750448,柴油,国六,客车,2,1
外6,G5_2705_730,121.51960005926826,31.151961485527742,柴油,国四,客车,2,1
外6,G5_2704_735,121.47468429506229,31.343960575473936,柴油,国五,集卡,2,2
外6,G5_2704_736,121.47468429506229,31.382313508724522,柴油,国五,集卡,2,2
外6,G5_2704_736,121.47468429506229,31.382313508724522,柴油,国六,集卡,2,2
外6,G5_2704_732,121.47468429506229,31.228807962750448,柴油,国六,客车,2,1
外6,G5_2704_733,121.47468429506229,31.267207791637656,柴油,国五,客车,2,2
外6,G5_2704_735,121.47468429506229,31.343960575473936,其他,未知,未知,2,2
外6,G5_2703_735,121.42976853085631,31.343960575473936,柴油,国五,普通货车,2,1
外6,G5_2703_730,121.42976853085631,31.151961485527742,柴油,国六,客车,2,1
外6,G5_2703_734,121.42976853085631,31.30559199950064,柴油,国六,客车,2,2
外1,G5_2702_739,121.38485276665034,31.497278344296827,柴油,国六,集卡,2,2
外1,G5_2703_721,121.42976853085631,30.805381997457314,其他,未知,未知,2,2
外1,G5_2702_736,121.38485276665034,31.382313508724522,电动,新能源,未知,2,2
外1,G5_2702_737,121.38485276665034,31.420650788451876,柴油,国六,集卡,2,2
外1,G5_2702_737,121.38485276665034,31.420650788451876,柴油,国四,集卡,2,2
外1,G5_2702_738,121.38485276665034,31.45897240388786,柴油,国四,集卡,2,1
外2,G5_2712_729,121.83401040871009,31.11351485908563,柴油,国六,集卡,2,1
外2,G5_2713_722,121.87892617291608,30.843952931191293,其他,未知,未知,2,2
外4,G5_2699_738,121.25010547403241,31.45897240388786,其他,未知,未知,2,2
外2,G5_2712_727,121.83401040871009,31.036574885517357,柴油,国四,集卡,2,2
外4,G5_2699_732,121.25010547403241,31.228807962750448,柴油,国六,集卡,2,2
外4,G5_2699_734,121.25010547403241,31.30559199950064,其他,未知,未知,2,1
外4,G5_2699_734,121.25010547403241,31.30559199950064,柴油,国六,集卡,2,2
外4,G5_2699_735,121.25010547403241,31.343960575473936,柴油,国六,集卡,2,2
外4,G5_2699_726,121.25010547403241,30.99808156047971,柴油,国五,集卡,2,2
外4,G5_2699_728,121.25010547403241,31.075052655406168,柴油,国五,集卡,2,2
外4,G5_2699_729,121.25010547403241,31.11351485908563,柴油,国五,集卡,2,2
外6,G5_2702_736,121.38485276665034,31.382313508724522,柴油,国四,集卡,2,1
外6,G5_2701_747,121.33993700244436,31.803160289009686,柴油,国六,集卡,2,2
外6,G5_2702_728,121.38485276665034,31.075052655406168,柴油,国五,普通货车,2,1
外6,G5_2701_732,121.33993700244436,31.228807962750448,柴油,国六,普通货车,2,1
外6,G5_2701_727,121.33993700244436,31.036574885517357,柴油,国五,集卡,2,2
外6,G5_2700_748,121.2950212382384,31.841324676416093,柴油,国五,集卡,2,2
外6,G5_2700_748,121.2950212382384,31.841324676416093,柴油,国六,集卡,2,1
外6,G5_2700_719,121.2950212382384,30.728193676973024,柴油,国五,集卡,2,2
外6,G5_2700_726,121.2950212382384,30.99808156047971,柴油,国四,集卡,2,2
外6,G5_2699_732,121.25010547403241,31.228807962750448,柴油,国六,普通货车,2,1
外6,G5_2698_732,121.20518970982643,31.228807962750448,柴油,国六,普通货车,2,2
外6,G5_2698_734,121.20518970982643,31.30559199950064,柴油,国六,普通货车,2,1
外6,G5_2699_724,121.25010547403241,30.921048289362904,柴油,国五,集卡,2,2
外5,G5_2713_723,121.87892617291608,30.882508365567617,柴油,国四,集卡,2,2
外1,G5_2703_737,121.42976853085631,31.420650788451876,柴油,国五,集卡,2,2
外1,G5_2704_721,121.47468429506229,30.805381997457314,柴油,国六,集卡,2,2
外5,G5_2713_722,121.87892617291608,30.843952931191293,其他,未知,未知,2,2
外1,G5_2703_722,121.42976853085631,30.843952931191293,柴油,国五,集卡,2,2
外2,G5_2711_729,121.78909464450413,31.11351485908563,柴油,国四,集卡,2,1
外2,G5_2711_730,121.78909464450413,31.151961485527742,柴油,国五,集卡,2,2
外2,G5_2712_722,121.83401040871009,30.843952931191293,柴油,国五,集卡,2,2
外4,G5_2700_730,121.2950212382384,31.151961485527742,其他,未知,未知,2,2
外2,G5_2711_723,121.78909464450413,30.882508365567617,其他,未知,未知,2,2
外4,G5_2700_724,121.2950212382384,30.921048289362904,柴油,国五,集卡,2,2
外4,G5_2700_725,121.2950212382384,30.959572691386352,柴油,国五,集卡,2,2
外4,G5_2700_725,121.2950212382384,30.959572691386352,柴油,国六,集卡,2,2
外5,G5_2712_722,121.83401040871009,30.843952931191293,柴油,国四,集卡,2,2
外5,G5_2712_723,121.83401040871009,30.882508365567617,柴油,国六,集卡,2,2
外5,G5_2710_732,121.74417888029814,31.228807962750448,其他,未知,未知,2,2
外5,G5_2710_732,121.74417888029814,31.228807962750448,柴油,国六,普通货车,2,1
外5,G5_2710_732,121.74417888029814,31.228807962750448,柴油,国四,集卡,2,2
外5,G5_2711_722,121.78909464450413,30.843952931191293,柴油,国四,集卡,2,1
外5,G5_2711_723,121.78909464450413,30.882508365567617,电动,新能源,未知,2,2
外5,G5_2710_730,121.74417888029814,31.151961485527742,柴油,国五,普通货车,2,2
外5,G5_2710_731,121.74417888029814,31.190392523736996,柴油,国六,集卡,2,2
外5,G5_2710_724,121.74417888029814,30.921048289362904,柴油,国五,集卡,2,2
外5,G5_2710_725,121.74417888029814,30.959572691386352,柴油,国六,集卡,2,2
外5,G5_2710_726,121.74417888029814,30.99808156047971,其他,未知,未知,2,2
外5,G5_2710_726,121.74417888029814,30.99808156047971,柴油,国五,集卡,2,2
外5,G5_2710_726,121.74417888029814,30.99808156047971,柴油,国四,集卡,2,1
外1,G5_2705_734,121.51960005926826,31.30559199950064,柴油,国五,集卡,2,2
外1,G5_2705_735,121.51960005926826,31.343960575473936,柴油,国四,集卡,2,2
外1,G5_2705_736,121.51960005926826,31.382313508724522,其他,未知,未知,2,2
外5,G5_2710_723,121.74417888029814,30.882508365567617,柴油,国四,集卡,2,2
外1,G5_2705_731,121.51960005926826,31.190392523736996,柴油,国五,集卡,2,1
外5,G5_2709_733,121.69926311609218,31.267207791637656,柴油,国五,集卡,2,2
外1,G5_2704_727,121.47468429506229,31.036574885517357,柴油,国五,集卡,2,2
外2,G5_2710_727,121.74417888029814,31.036574885517357,柴油,国六,集卡,2,2
外2,G5_2710_723,121.74417888029814,30.882508365567617,其他,未知,未知,2,2
外2,G5_2710_723,121.74417888029814,30.882508365567617,其他,未知,集卡,2,1
外2,G5_2710_725,121.74417888029814,30.959572691386352,其他,未知,未知,2,2
外2,G5_2710_726,121.74417888029814,30.99808156047971,柴油,国五,集卡,2,2
外4,G5_2700_737,121.2950212382384,31.420650788451876,柴油,国六,集卡,2,2
外4,G5_2700_739,121.2950212382384,31.497278344296827,柴油,国六,集卡,2,2
外2,G5_2710_722,121.74417888029814,30.843952931191293,柴油,国五,集卡,2,2
外4,G5_2700_734,121.2950212382384,31.30559199950064,柴油,国六,集卡,2,2
外5,G5_2709_727,121.69926311609218,31.036574885517357,柴油,国五,集卡,2,1
外5,G5_2709_731,121.69926311609218,31.190392523736996,柴油,国五,集卡,2,2
外5,G5_2708_728,121.65434735188619,31.075052655406168,柴油,国四,集卡,2,2
外5,G5_2708_732,121.65434735188619,31.228807962750448,柴油,国六,普通货车,2,2
外5,G5_2707_733,121.60943158768023,31.267207791637656,其他,未知,未知,2,2
外5,G5_2707_733,121.60943158768023,31.267207791637656,柴油,国五,普通货车,2,2
外5,G5_2706_728,121.56451582347424,31.075052655406168,柴油,国五,集卡,2,2
外5,G5_2706_728,121.56451582347424,31.075052655406168,柴油,国六,集卡,2,2
外5,G5_2706_730,121.56451582347424,31.151961485527742,柴油,国五,普通货车,2,2
外1,G5_2707_733,121.60943158768023,31.267207791637656,其他,未知,未知,2,2
外5,G5_2706_726,121.56451582347424,30.99808156047971,柴油,国六,集卡,2,2
外5,G5_2706_727,121.56451582347424,31.036574885517357,柴油,国六,集卡,2,1
外1,G5_2706_731,121.56451582347424,31.190392523736996,柴油,国五,集卡,2,2
外1,G5_2706_735,121.56451582347424,31.343960575473936,柴油,国五,集卡,2,2
外1,G5_2707_727,121.60943158768023,31.036574885517357,柴油,国六,集卡,2,2
外5,G5_2705_735,121.51960005926826,31.343960575473936,其他,未知,未知,2,2
外5,G5_2705_736,121.51960005926826,31.382313508724522,其他,未知,未知,2,2
外5,G5_2704_735,121.47468429506229,31.343960575473936,柴油,国五,普通货车,2,2
外5,G5_2704_736,121.47468429506229,31.382313508724522,其他,未知,未知,2,2
外5,G5_2704_736,121.47468429506229,31.382313508724522,电动,新能源,未知,2,2
外5,G5_2705_726,121.51960005926826,30.99808156047971,柴油,国四,集卡,2,2
外1,G5_2709_730,121.69926311609218,31.151961485527742,柴油,国五,集卡,2,2
外1,G5_2709_723,121.69926311609218,30.882508365567617,柴油,国五,集卡,2,2
外1,G5_2709_727,121.69926311609218,31.036574885517357,柴油,国六,集卡,2,2
外1,G5_2707_733,121.60943158768023,31.267207791637656,柴油,国五,渣土,2,2
外1,G5_2707_734,121.60943158768023,31.30559199950064,柴油,国六,集卡,2,2
外1,G5_2708_726,121.65434735188619,30.99808156047971,柴油,国五,集卡,2,2
外2,G5_2708_732,121.65434735188619,31.228807962750448,其他,未知,未知,2,2
外2,G5_2709_723,121.69926311609218,30.882508365567617,柴油,国五,集卡,2,2
外2,G5_2708_731,121.65434735188619,31.190392523736996,柴油,国五,普通货车,2,2
外4,G5_2701_723,121.33993700244436,30.882508365567617,其他,未知,未知,2,1
外4,G5_2701_726,121.33993700244436,30.99808156047971,柴油,国四,集卡,2,2
外4,G5_2701_727,121.33993700244436,31.036574885517357,柴油,国四,集卡,2,2
外5,G5_2703_724,121.42976853085631,30.921048289362904,柴油,国六,集卡,2,2
外5,G5_2703_728,121.42976853085631,31.075052655406168,柴油,国四,普通货车,2,1
外5,G5_2703_737,121.42976853085631,31.420650788451876,柴油,国四,集卡,2,2
外5,G5_2702_738,121.38485276665034,31.45897240388786,柴油,国六,集卡,2,2
外5,G5_2703_721,121.42976853085631,30.805381997457314,柴油,国五,集卡,2,2
外5,G5_2702_726,121.38485276665034,30.99808156047971,柴油,国六,集卡,2,2
外5,G5_2702_727,121.38485276665034,31.036574885517357,其他,未知,未知,2,1
外5,G5_2702_736,121.38485276665034,31.382313508724522,柴油,国四,集卡,2,2
外5,G5_2701_738,121.33993700244436,31.45897240388786,柴油,国六,集卡,2,1
外5,G5_2701_739,121.33993700244436,31.497278344296827,柴油,国六,集卡,2,1
外5,G5_2701_732,121.33993700244436,31.228807962750448,柴油,国六,集卡,2,2
外5,G5_2701_733,121.33993700244436,31.267207791637656,柴油,国六,集卡,2,2
外5,G5_2701_735,121.33993700244436,31.343960575473936,柴油,国五,集卡,2,2
外1,G5_2710_730,121.74417888029814,31.151961485527742,其他,未知,未知,2,2
外1,G5_2710_724,121.74417888029814,30.921048289362904,柴油,国六,集卡,2,2
外5,G5_2701_723,121.33993700244436,30.882508365567617,柴油,国六,集卡,2,2
外5,G5_2701_726,121.33993700244436,30.99808156047971,柴油,国四,渣土,2,1
外5,G5_2700_734,121.2950212382384,31.30559199950064,柴油,国四,集卡,2,2
外5,G5_2700_735,121.2950212382384,31.343960575473936,柴油,国四,集卡,2,1
外1,G5_2712_724,121.83401040871009,30.921048289362904,其他,未知,未知,2,1
外1,G5_2711_722,121.78909464450413,30.843952931191293,柴油,国六,集卡,2,2
外1,G5_2711_724,121.78909464450413,30.921048289362904,柴油,国五,集卡,2,2
外1,G5_2711_729,121.78909464450413,31.11351485908563,柴油,国五,集卡,2,2
外5,G5_2700_719,121.2950212382384,30.728193676973024,其他,未知,未知,2,2
外1,G5_2710_732,121.74417888029814,31.228807962750448,柴油,国六,集卡,2,2
外2,G5_2707_732,121.60943158768023,31.228807962750448,柴油,国六,集卡,2,2
外2,G5_2707_733,121.60943158768023,31.267207791637656,其他,未知,未知,2,2
外2,G5_2707_733,121.60943158768023,31.267207791637656,电动,新能源,未知,2,1
外2,G5_2707_724,121.60943158768023,30.921048289362904,其他,未知,未知,2,2
外2,G5_2707_724,121.60943158768023,30.921048289362904,柴油,国五,集卡,2,2
外2,G5_2707_726,121.60943158768023,30.99808156047971,柴油,国五,集卡,2,2
外2,G5_2707_727,121.60943158768023,31.036574885517357,柴油,国四,集卡,2,2
外4,G5_2702_723,121.38485276665034,30.882508365567617,其他,未知,未知,2,2
外4,G5_2702_723,121.38485276665034,30.882508365567617,柴油,国六,集卡,2,2
外4,G5_2702_724,121.38485276665034,30.921048289362904,柴油,国四,集卡,2,2
外4,G5_2702_725,121.38485276665034,30.959572691386352,柴油,国五,集卡,2,2
外4,G5_2701_734,121.33993700244436,31.30559199950064,柴油,国四,集卡,2,2
外4,G5_2701_735,121.33993700244436,31.343960575473936,其他,未知,未知,2,2
外4,G5_2701_735,121.33993700244436,31.343960575473936,柴油,国四,集卡,2,2
外4,G5_2701_737,121.33993700244436,31.420650788451876,其他,未知,未知,2,2
外4,G5_2701_737,121.33993700244436,31.420650788451876,柴油,国六,集卡,2,2
外4,G5_2701_738,121.33993700244436,31.45897240388786,柴油,国四,集卡,2,2
外5,G5_2699_733,121.25010547403241,31.267207791637656,柴油,国六,集卡,2,2
外5,G5_2698_734,121.20518970982643,31.30559199950064,柴油,国五,集卡,2,2
外5,G5_2698_731,121.20518970982643,31.190392523736996,柴油,国五,集卡,2,2
外5,G5_2698_732,121.20518970982643,31.228807962750448,柴油,国六,集卡,2,2
外5,G5_2698_732,121.20518970982643,31.228807962750448,电动,新能源,未知,2,2
外5,G5_2697_734,121.16027394562046,31.30559199950064,柴油,国五,集卡,2,2
外5,G5_2697_734,121.16027394562046,31.30559199950064,柴油,国六,普通货车,2,2
外5,G5_2697_735,121.16027394562046,31.343960575473936,其他,未知,未知,2,2
外5,G5_2697_735,121.16027394562046,31.343960575473936,柴油,国五,集卡,2,1
外5,G5_2696_731,121.11535818141448,31.190392523736996,柴油,国五,集卡,2,2
外5,G5_2696_733,121.11535818141448,31.267207791637656,柴油,国六,集卡,2,2
外5,G5_2691_729,120.8907793603846,31.11351485908563,柴油,国五,集卡,2,2
外4,G5_2713_722,121.87892617291608,30.843952931191293,其他,未知,未知,2,2
外4,G5_2713_723,121.87892617291608,30.882508365567617,柴油,国五,普通货车,2,1
外4,G5_2713_725,121.87892617291608,30.959572691386352,其他,未知,未知,2,2
外2,G5_2695_725,121.07044241720851,30.959572691386352,柴油,国五,集卡,2,2
外2,G5_2696_723,121.11535818141448,30.882508365567617,柴油,国五,集卡,2,2
外4,G5_2712_724,121.83401040871009,30.921048289362904,其他,未知,未知,2,2
外4,G5_2712_727,121.83401040871009,31.036574885517357,其他,未知,未知,2,1
外2,G5_2706_727,121.56451582347424,31.036574885517357,柴油,国五,集卡,2,2
外4,G5_2702_737,121.38485276665034,31.420650788451876,电动,新能源,未知,2,2
外2,G5_2705_733,121.51960005926826,31.267207791637656,柴油,国四,客车,2,1
外2,G5_2705_735,121.51960005926826,31.343960575473936,电动,新能源,未知,2,2
外4,G5_2702_734,121.38485276665034,31.30559199950064,柴油,国四,集卡,2,2
外4,G5_2702_735,121.38485276665034,31.343960575473936,柴油,国五,集卡,2,2
外4,G5_2702_726,121.38485276665034,30.99808156047971,柴油,国四,集卡,2,1
外4,G5_2702_727,121.38485276665034,31.036574885517357,柴油,国五,集卡,2,2
外4,G5_2702_728,121.38485276665034,31.075052655406168,其他,未知,未知,2,2
外1,G5_2713_723,121.87892617291608,30.882508365567617,电动,新能源,未知,2,2
外4,G5_2712_722,121.83401040871009,30.843952931191293,柴油,国四,集卡,2,2
外1,G5_2712_727,121.83401040871009,31.036574885517357,柴油,国五,集卡,2,2
外1,G5_2712_727,121.83401040871009,31.036574885517357,柴油,国六,集卡,2,2
外4,G5_2711_729,121.78909464450413,31.11351485908563,其他,未知,未知,2,2
外4,G5_2711_729,121.78909464450413,31.11351485908563,柴油,国五,普通货车,2,2
外4,G5_2711_729,121.78909464450413,31.11351485908563,柴油,国六,集卡,2,2
外4,G5_2711_729,121.78909464450413,31.11351485908563,柴油,国四,集卡,2,2
外4,G5_2711_726,121.78909464450413,30.99808156047971,柴油,国五,集卡,2,2
外4,G5_2711_723,121.78909464450413,30.882508365567617,柴油,国四,集卡,2,2
外4,G5_2711_724,121.78909464450413,30.921048289362904,柴油,国四,集卡,2,2
外2,G5_2698_725,121.20518970982643,30.959572691386352,柴油,国五,集卡,2,2
外2,G5_2696_731,121.11535818141448,31.190392523736996,柴油,国五,集卡,2,1
外4,G5_2710_725,121.74417888029814,30.959572691386352,柴油,国四,集卡,2,1
外4,G5_2710_727,121.74417888029814,31.036574885517357,柴油,国五,集卡,2,2
外4,G5_2710_730,121.74417888029814,31.151961485527742,其他,未知,未知,2,2
外4,G5_2710_730,121.74417888029814,31.151961485527742,柴油,国四,集卡,2,2
外4,G5_2709_732,121.69926311609218,31.228807962750448,其他,未知,未知,2,2
外4,G5_2710_722,121.74417888029814,30.843952931191293,柴油,国五,集卡,2,2
外4,G5_2710_722,121.74417888029814,30.843952931191293,柴油,国六,集卡,2,1
外2,G5_2699_733,121.25010547403241,31.267207791637656,柴油,国六,集卡,2,2
外2,G5_2699_735,121.25010547403241,31.343960575473936,柴油,国六,集卡,2,2
外4,G5_2709_729,121.69926311609218,31.11351485908563,柴油,国六,集卡,2,2
外4,G5_2709_730,121.69926311609218,31.151961485527742,其他,未知,未知,2,2
外2,G5_2705_724,121.51960005926826,30.921048289362904,柴油,国五,集卡,2,2
外2,G5_2705_725,121.51960005926826,30.959572691386352,柴油,国四,集卡,2,1
外2,G5_2705_726,121.51960005926826,30.99808156047971,其他,未知,未知,2,2
外2,G5_2705_726,121.51960005926826,30.99808156047971,柴油,国六,集卡,2,2
外2,G5_2704_725,121.47468429506229,30.959572691386352,柴油,国五,集卡,2,2
外2,G5_2705_722,121.51960005926826,30.843952931191293,柴油,国五,集卡,2,2
外2,G5_2704_722,121.47468429506229,30.843952931191293,柴油,国四,集卡,2,2
外2,G5_2706_733,121.56451582347424,31.267207791637656,柴油,国五,集卡,2,2
外2,G5_2706_734,121.56451582347424,31.30559199950064,柴油,国五,普通货车,2,1
外2,G5_2699_730,121.25010547403241,31.151961485527742,柴油,国六,集卡,2,2
外2,G5_2699_732,121.25010547403241,31.228807962750448,柴油,国五,集卡,2,2
外2,G5_2699_733,121.25010547403241,31.267207791637656,柴油,国五,集卡,2,2
外2,G5_2698_734,121.20518970982643,31.30559199950064,柴油,国五,集卡,2,2
外2,G5_2698_737,121.20518970982643,31.420650788451876,柴油,国六,集卡,2,2
外4,G5_2708_733,121.65434735188619,31.267207791637656,其他,未知,未知,2,2
外4,G5_2709_723,121.69926311609218,30.882508365567617,柴油,国六,集卡,2,2
外2,G5_2700_735,121.2950212382384,31.343960575473936,其他,未知,未知,2,2
外4,G5_2708_730,121.65434735188619,31.151961485527742,其他,未知,未知,2,2
外4,G5_2708_731,121.65434735188619,31.190392523736996,其他,未知,未知,2,2
外2,G5_2700_727,121.2950212382384,31.036574885517357,柴油,国四,集卡,2,2
外2,G5_2700_729,121.2950212382384,31.11351485908563,柴油,国五,集卡,2,2
外2,G5_2700_730,121.2950212382384,31.151961485527742,柴油,国四,集卡,2,2
外2,G5_2700_725,121.2950212382384,30.959572691386352,柴油,国六,集卡,2,2
外2,G5_2700_727,121.2950212382384,31.036574885517357,其他,未知,未知,2,2
外2,G5_2700_727,121.2950212382384,31.036574885517357,柴油,国六,集卡,2,2
外2,G5_2700_719,121.2950212382384,30.728193676973024,柴油,国六,集卡,2,2
外2,G5_2700_721,121.2950212382384,30.805381997457314,柴油,国五,集卡,2,2
外4,G5_2707_734,121.60943158768023,31.30559199950064,柴油,国四,集卡,2,2
外2,G5_2703_729,121.42976853085631,31.11351485908563,柴油,国六,集卡,2,2
外2,G5_2703_737,121.42976853085631,31.420650788451876,柴油,国六,集卡,2,2
外2,G5_2703_722,121.42976853085631,30.843952931191293,柴油,国五,集卡,2,2
外2,G5_2703_724,121.42976853085631,30.921048289362904,柴油,国五,集卡,2,2
外2,G5_2703_728,121.42976853085631,31.075052655406168,柴油,国五,集卡,2,2
外4,G5_2703_736,121.42976853085631,31.382313508724522,电动,新能源,未知,2,2
外4,G5_2703_727,121.42976853085631,31.036574885517357,柴油,国五,集卡,2,2
外4,G5_2703_729,121.42976853085631,31.11351485908563,柴油,国五,集卡,2,2
外4,G5_2707_724,121.60943158768023,30.921048289362904,柴油,国四,集卡,2,2
外4,G5_2707_725,121.60943158768023,30.959572691386352,柴油,国五,集卡,2,1
外4,G5_2707_725,121.60943158768023,30.959572691386352,柴油,国六,集卡,2,2
外4,G5_2707_731,121.60943158768023,31.190392523736996,柴油,国五,集卡,2,1
外2,G5_2701_726,121.33993700244436,30.99808156047971,柴油,国五,集卡,2,2
外2,G5_2701_735,121.33993700244436,31.343960575473936,其他,未知,未知,2,1
外2,G5_2701_735,121.33993700244436,31.343960575473936,柴油,国五,集卡,2,2
外2,G5_2701_720,121.33993700244436,30.76679557562169,柴油,国五,普通货车,2,1
外4,G5_2707_723,121.60943158768023,30.882508365567617,柴油,国五,集卡,2,2
外2,G5_2700_735,121.2950212382384,31.343960575473936,柴油,国六,集卡,2,2
外4,G5_2706_731,121.56451582347424,31.190392523736996,其他,未知,未知,2,2
外4,G5_2706_731,121.56451582347424,31.190392523736996,柴油,国五,集卡,2,2
外4,G5_2706_732,121.56451582347424,31.228807962750448,柴油,国五,客车,2,1
外4,G5_2706_735,121.56451582347424,31.343960575473936,其他,未知,未知,2,2
外4,G5_2706_724,121.56451582347424,30.921048289362904,柴油,国六,集卡,2,2
外4,G5_2705_729,121.51960005926826,31.11351485908563,其他,未知,未知,2,2
外4,G5_2705_732,121.51960005926826,31.228807962750448,电动,新能源,未知,2,1
外2,G5_2702_737,121.38485276665034,31.420650788451876,柴油,国六,集卡,2,2
外2,G5_2702_737,121.38485276665034,31.420650788451876,柴油,国四,集卡,2,2
外2,G5_2702_738,121.38485276665034,31.45897240388786,柴油,国四,集卡,2,2
外2,G5_2702_726,121.38485276665034,30.99808156047971,其他,未知,未知,2,2
外2,G5_2702_728,121.38485276665034,31.075052655406168,柴油,国五,集卡,2,1
外2,G5_2702_725,121.38485276665034,30.959572691386352,柴油,国六,集卡,2,2
外4,G5_2704_725,121.47468429506229,30.959572691386352,柴油,国六,集卡,2,2
外4,G5_2704_725,121.47468429506229,30.959572691386352,柴油,国四,集卡,2,2
外4,G5_2704_728,121.47468429506229,31.075052655406168,柴油,国六,普通货车,2,1
外6,G5_2711_730,121.78909464450413,31.151961485527742,柴油,国五,集卡,2,2
外6,G5_2710_739,121.74417888029814,31.497278344296827,柴油,国六,集卡,2,2
外6,G5_2710_740,121.74417888029814,31.535568598975548,柴油,国六,普通货车,2,2
外6,G5_2711_734,121.78909464450413,31.30559199950064,其他,未知,未知,2,2
外6,G5_2711_734,121.78909464450413,31.30559199950064,柴油,国六,普通货车,2,1
外1,G5_2697_731,121.16027394562046,31.190392523736996,柴油,国六,集卡,2,2
外1,G5_2696_725,121.11535818141448,30.959572691386352,柴油,国五,集卡,2,2
外1,G5_2700_726,121.2950212382384,30.99808156047971,其他,未知,未知,1,1
外1,G5_2695_725,121.07044241720851,30.959572691386352,柴油,国六,集卡,1,1
外1,G5_2695_726,121.07044241720851,30.99808156047971,柴油,国五,集卡,1,1
外1,G5_2695_726,121.07044241720851,30.99808156047971,柴油,国四,集卡,1,1
外1,G5_2695_731,121.07044241720851,31.190392523736996,柴油,国五,集卡,1,1
外1,G5_2696_723,121.11535818141448,30.882508365567617,柴油,国五,集卡,1,1
外1,G5_2696_726,121.11535818141448,30.99808156047971,柴油,国五,集卡,1,1
外1,G5_2696_731,121.11535818141448,31.190392523736996,柴油,国五,集卡,1,1
外1,G5_2696_731,121.11535818141448,31.190392523736996,柴油,国四,集卡,1,1
外1,G5_2696_733,121.11535818141448,31.267207791637656,柴油,国五,集卡,1,1
外1,G5_2697_726,121.16027394562046,30.99808156047971,柴油,国五,集卡,1,1
外1,G5_2697_730,121.16027394562046,31.151961485527742,柴油,国五,集卡,1,1
外1,G5_2697_730,121.16027394562046,31.151961485527742,柴油,国四,集卡,1,1
外1,G5_2697_731,121.16027394562046,31.190392523736996,柴油,国五,普通货车,1,1
外1,G5_2697_732,121.16027394562046,31.228807962750448,柴油,国五,集卡,1,1
外1,G5_2697_733,121.16027394562046,31.267207791637656,柴油,国五,集卡,1,1
外1,G5_2697_734,121.16027394562046,31.30559199950064,柴油,国五,集卡,1,1
外6,G5_2712_723,121.83401040871009,30.882508365567617,柴油,国四,普通货车,1,1
外6,G5_2712_728,121.83401040871009,31.075052655406168,其他,未知,未知,1,1
外6,G5_2712_735,121.83401040871009,31.343960575473936,柴油,国五,客车,1,1
外6,G5_2712_738,121.83401040871009,31.45897240388786,柴油,国四,普通货车,1,1
外4,G5_2697_726,121.16027394562046,30.99808156047971,其他,未知,未知,1,1
外4,G5_2697_726,121.16027394562046,30.99808156047971,柴油,国四,集卡,1,1
外4,G5_2697_727,121.16027394562046,31.036574885517357,柴油,国六,集卡,1,1
外4,G5_2697_727,121.16027394562046,31.036574885517357,柴油,国四,集卡,1,1
外6,G5_2710_725,121.74417888029814,30.959572691386352,柴油,国六,集卡,1,1
外6,G5_2710_727,121.74417888029814,31.036574885517357,柴油,国五,普通货车,1,1
外6,G5_2710_728,121.74417888029814,31.075052655406168,柴油,国四,普通货车,1,1
外6,G5_2710_732,121.74417888029814,31.228807962750448,其他,未知,未知,1,1
外6,G5_2711_736,121.78909464450413,31.382313508724522,柴油,国五,客车,1,1
外6,G5_2711_736,121.78909464450413,31.382313508724522,柴油,国五,渣土,1,1
外6,G5_2712_722,121.83401040871009,30.843952931191293,柴油,国五,普通货车,1,1
外6,G5_2712_722,121.83401040871009,30.843952931191293,柴油,国五,集卡,1,1
外6,G5_2709_735,121.69926311609218,31.343960575473936,柴油,国六,普通货车,1,1
外6,G5_2709_737,121.69926311609218,31.420650788451876,柴油,国五,客车,1,1
外6,G5_2709_737,121.69926311609218,31.420650788451876,柴油,国五,集卡,1,1
外6,G5_2709_737,121.69926311609218,31.420650788451876,柴油,国六,客车,1,1
外6,G5_2709_737,121.69926311609218,31.420650788451876,柴油,国六,普通货车,1,1
外6,G5_2709_740,121.69926311609218,31.535568598975548,柴油,国五,客车,1,1
外6,G5_2709_740,121.69926311609218,31.535568598975548,柴油,国四,集卡,1,1
外6,G5_2710_724,121.74417888029814,30.921048289362904,柴油,国四,集卡,1,1
外6,G5_2709_729,121.69926311609218,31.11351485908563,柴油,国六,客车,1,1
外6,G5_2709_731,121.69926311609218,31.190392523736996,其他,未知,未知,1,1
外6,G5_2709_731,121.69926311609218,31.190392523736996,柴油,国五,渣土,1,1
外6,G5_2709_731,121.69926311609218,31.190392523736996,柴油,国六,普通货车,1,1
外6,G5_2709_731,121.69926311609218,31.190392523736996,柴油,国六,集卡,1,1
外6,G5_2709_733,121.69926311609218,31.267207791637656,其他,未知,未知,1,1
外6,G5_2709_733,121.69926311609218,31.267207791637656,柴油,国五,渣土,1,1
外6,G5_2709_733,121.69926311609218,31.267207791637656,柴油,国四,集卡,1,1
外2,G5_2702_734,121.38485276665034,31.30559199950064,柴油,国五,集卡,1,1
外2,G5_2702_735,121.38485276665034,31.343960575473936,柴油,国六,集卡,1,1
外2,G5_2702_736,121.38485276665034,31.382313508724522,柴油,国六,普通货车,1,1
外2,G5_2702_736,121.38485276665034,31.382313508724522,电动,新能源,未知,1,1
外2,G5_2702_737,121.38485276665034,31.420650788451876,其他,未知,未知,1,1
外2,G5_2702_738,121.38485276665034,31.45897240388786,柴油,国五,普通货车,1,1
外2,G5_2702_739,121.38485276665034,31.497278344296827,其他,未知,未知,1,1
外4,G5_2705_724,121.51960005926826,30.921048289362904,柴油,国五,集卡,1,1
外4,G5_2705_722,121.51960005926826,30.843952931191293,其他,未知,未知,1,1
外4,G5_2705_722,121.51960005926826,30.843952931191293,柴油,国五,集卡,1,1
外2,G5_2701_737,121.33993700244436,31.420650788451876,柴油,国六,集卡,1,1
外2,G5_2702_721,121.38485276665034,30.805381997457314,柴油,国六,集卡,1,1
外2,G5_2702_726,121.38485276665034,30.99808156047971,柴油,国四,集卡,1,1
外2,G5_2702_727,121.38485276665034,31.036574885517357,柴油,国六,集卡,1,1
外2,G5_2702_728,121.38485276665034,31.075052655406168,柴油,国四,集卡,1,1
外2,G5_2702_733,121.38485276665034,31.267207791637656,其他,未知,未知,1,1
外4,G5_2704_726,121.47468429506229,30.99808156047971,柴油,国四,集卡,1,1
外4,G5_2704_726,121.47468429506229,30.99808156047971,电动,新能源,未知,1,1
外4,G5_2704_729,121.47468429506229,31.11351485908563,其他,未知,未知,1,1
外4,G5_2704_734,121.47468429506229,31.30559199950064,其他,未知,未知,1,1
外4,G5_2704_734,121.47468429506229,31.30559199950064,柴油,国六,普通货车,1,1
外4,G5_2704_734,121.47468429506229,31.30559199950064,电动,新能源,未知,1,1
外4,G5_2704_736,121.47468429506229,31.382313508724522,其他,未知,集卡,1,1
外4,G5_2704_736,121.47468429506229,31.382313508724522,柴油,国四,普通货车,1,1
外6,G5_2713_723,121.87892617291608,30.882508365567617,柴油,国四,客车,1,1
外6,G5_2713_723,121.87892617291608,30.882508365567617,柴油,国四,集卡,1,1
外6,G5_2713_724,121.87892617291608,30.921048289362904,柴油,国五,客车,1,1
外6,G5_2713_724,121.87892617291608,30.921048289362904,柴油,国六,客车,1,1
外1,G5_2694_723,121.02552665300253,30.882508365567617,柴油,国四,集卡,1,1
外6,G5_2713_725,121.87892617291608,30.959572691386352,柴油,国五,集卡,1,1
外6,G5_2713_725,121.87892617291608,30.959572691386352,柴油,国六,普通货车,1,1
外1,G5_2694_723,121.02552665300253,30.882508365567617,柴油,国六,集卡,1,1
外4,G5_2706_735,121.56451582347424,31.343960575473936,柴油,国六,普通货车,1,1
外4,G5_2707_723,121.60943158768023,30.882508365567617,柴油,国六,集卡,1,1
外2,G5_2700_735,121.2950212382384,31.343960575473936,柴油,国四,集卡,1,1
外2,G5_2700_735,121.2950212382384,31.343960575473936,电动,新能源,未知,1,1
外2,G5_2700_736,121.2950212382384,31.382313508724522,柴油,国六,普通货车,1,1
外2,G5_2700_736,121.2950212382384,31.382313508724522,柴油,国六,集卡,1,1
外2,G5_2700_737,121.2950212382384,31.420650788451876,柴油,国五,集卡,1,1
外2,G5_2700_738,121.2950212382384,31.45897240388786,柴油,国五,集卡,1,1
外4,G5_2706_729,121.56451582347424,31.11351485908563,柴油,国五,集卡,1,1
外4,G5_2706_729,121.56451582347424,31.11351485908563,柴油,国四,集卡,1,1
外4,G5_2706_730,121.56451582347424,31.151961485527742,其他,未知,未知,1,1
外4,G5_2706_730,121.56451582347424,31.151961485527742,柴油,国六,集卡,1,1
外4,G5_2706_731,121.56451582347424,31.190392523736996,柴油,国四,集卡,1,1
外4,G5_2706_733,121.56451582347424,31.267207791637656,柴油,国五,客车,1,1
外4,G5_2706_734,121.56451582347424,31.30559199950064,柴油,国五,客车,1,1
外4,G5_2706_734,121.56451582347424,31.30559199950064,柴油,国五,普通货车,1,1
外4,G5_2706_724,121.56451582347424,30.921048289362904,柴油,国五,集卡,1,1
外4,G5_2706_725,121.56451582347424,30.959572691386352,柴油,国五,集卡,1,1
外4,G5_2706_725,121.56451582347424,30.959572691386352,柴油,国六,集卡,1,1
外4,G5_2706_725,121.56451582347424,30.959572691386352,柴油,国四,集卡,1,1
外4,G5_2706_726,121.56451582347424,30.99808156047971,柴油,国四,集卡,1,1
外4,G5_2706_727,121.56451582347424,31.036574885517357,柴油,国五,集卡,1,1
外4,G5_2706_727,121.56451582347424,31.036574885517357,柴油,国六,集卡,1,1
外4,G5_2706_728,121.56451582347424,31.075052655406168,柴油,国五,集卡,1,1
外4,G5_2705_724,121.51960005926826,30.921048289362904,柴油,国四,集卡,1,1
外4,G5_2705_726,121.51960005926826,30.99808156047971,其他,未知,未知,1,1
外4,G5_2705_728,121.51960005926826,31.075052655406168,柴油,国五,普通货车,1,1
外4,G5_2705_728,121.51960005926826,31.075052655406168,电动,新能源,未知,1,1
外4,G5_2705_733,121.51960005926826,31.267207791637656,其他,未知,未知,1,1
外4,G5_2705_735,121.51960005926826,31.343960575473936,柴油,国五,普通货车,1,1
外4,G5_2706_722,121.56451582347424,30.843952931191293,柴油,国四,集卡,1,1
外4,G5_2706_723,121.56451582347424,30.882508365567617,其他,未知,未知,1,1
外2,G5_2702_739,121.38485276665034,31.497278344296827,柴油,国四,集卡,1,1
外2,G5_2702_739,121.38485276665034,31.497278344296827,电动,新能源,未知,1,1
外2,G5_2703_721,121.42976853085631,30.805381997457314,电动,新能源,未知,1,1
外2,G5_2703_723,121.42976853085631,30.882508365567617,柴油,国五,集卡,1,1
外2,G5_2703_725,121.42976853085631,30.959572691386352,柴油,国五,集卡,1,1
外2,G5_2703_725,121.42976853085631,30.959572691386352,柴油,国六,普通货车,1,1
外2,G5_2703_725,121.42976853085631,30.959572691386352,柴油,国六,集卡,1,1
外2,G5_2703_726,121.42976853085631,30.99808156047971,柴油,国四,集卡,1,1
外4,G5_2703_729,121.42976853085631,31.11351485908563,其他,未知,未知,1,1
外4,G5_2703_733,121.42976853085631,31.267207791637656,其他,未知,未知,1,1
外4,G5_2703_733,121.42976853085631,31.267207791637656,柴油,国五,集卡,1,1
外4,G5_2703_733,121.42976853085631,31.267207791637656,柴油,国六,集卡,1,1
外4,G5_2703_734,121.42976853085631,31.30559199950064,柴油,国四,集卡,1,1
外4,G5_2703_735,121.42976853085631,31.343960575473936,柴油,国五,集卡,1,1
外4,G5_2703_737,121.42976853085631,31.420650788451876,柴油,国四,集卡,1,1
外4,G5_2704_721,121.47468429506229,30.805381997457314,柴油,国四,普通货车,1,1
外2,G5_2701_727,121.33993700244436,31.036574885517357,柴油,国六,集卡,1,1
外2,G5_2701_733,121.33993700244436,31.267207791637656,其他,未知,未知,1,1
外2,G5_2701_736,121.33993700244436,31.382313508724522,柴油,国五,集卡,1,1
外4,G5_2707_727,121.60943158768023,31.036574885517357,其他,未知,未知,1,1
外4,G5_2707_728,121.60943158768023,31.075052655406168,柴油,国五,集卡,1,1
外4,G5_2707_730,121.60943158768023,31.151961485527742,柴油,国六,集卡,1,1
外4,G5_2703_728,121.42976853085631,31.075052655406168,柴油,国六,集卡,1,1
外4,G5_2703_728,121.42976853085631,31.075052655406168,柴油,国四,集卡,1,1
外2,G5_2701_720,121.33993700244436,30.76679557562169,柴油,国五,集卡,1,1
外2,G5_2701_720,121.33993700244436,30.76679557562169,柴油,国四,集卡,1,1
外2,G5_2701_721,121.33993700244436,30.805381997457314,柴油,国六,集卡,1,1
外2,G5_2701_721,121.33993700244436,30.805381997457314,柴油,国四,集卡,1,1
外2,G5_2701_721,121.33993700244436,30.805381997457314,电动,新能源,未知,1,1
外2,G5_2701_722,121.33993700244436,30.843952931191293,柴油,国四,集卡,1,1
外2,G5_2701_726,121.33993700244436,30.99808156047971,其他,未知,未知,1,1
外2,G5_2701_727,121.33993700244436,31.036574885517357,其他,未知,未知,1,1
外2,G5_2700_729,121.2950212382384,31.11351485908563,其他,未知,未知,1,1
外2,G5_2700_729,121.2950212382384,31.11351485908563,柴油,国四,集卡,1,1
外2,G5_2700_729,121.2950212382384,31.11351485908563,电动,新能源,未知,1,1
外2,G5_2700_730,121.2950212382384,31.151961485527742,其他,未知,未知,1,1
外2,G5_2700_733,121.2950212382384,31.267207791637656,柴油,国六,集卡,1,1
外2,G5_2700_734,121.2950212382384,31.30559199950064,柴油,国四,集卡,1,1
外4,G5_2708_726,121.65434735188619,30.99808156047971,柴油,国四,集卡,1,1
外4,G5_2708_728,121.65434735188619,31.075052655406168,柴油,国六,集卡,1,1
外2,G5_2699_738,121.25010547403241,31.45897240388786,柴油,国六,集卡,1,1
外2,G5_2699_738,121.25010547403241,31.45897240388786,柴油,国四,集卡,1,1
外2,G5_2700_719,121.2950212382384,30.728193676973024,柴油,国五,集卡,1,1
外2,G5_2700_726,121.2950212382384,30.99808156047971,其他,未知,未知,1,1
外2,G5_2700_726,121.2950212382384,30.99808156047971,柴油,国五,集卡,1,1
外2,G5_2700_726,121.2950212382384,30.99808156047971,柴油,国六,集卡,1,1
外2,G5_2700_726,121.2950212382384,30.99808156047971,柴油,国四,普通货车,1,1
外2,G5_2700_726,121.2950212382384,30.99808156047971,柴油,国四,集卡,1,1
外4,G5_2707_734,121.60943158768023,31.30559199950064,柴油,国五,普通货车,1,1
外4,G5_2707_734,121.60943158768023,31.30559199950064,柴油,国四,普通货车,1,1
外4,G5_2707_734,121.60943158768023,31.30559199950064,电动,新能源,未知,1,1
外4,G5_2708_723,121.65434735188619,30.882508365567617,柴油,国五,集卡,1,1
外4,G5_2708_724,121.65434735188619,30.921048289362904,柴油,国四,集卡,1,1
外4,G5_2708_725,121.65434735188619,30.959572691386352,柴油,国四,集卡,1,1
外4,G5_2708_726,121.65434735188619,30.99808156047971,其他,未知,未知,1,1
外2,G5_2699_738,121.25010547403241,31.45897240388786,其他,未知,未知,1,1
外2,G5_2703_728,121.42976853085631,31.075052655406168,柴油,国四,集卡,1,1
外2,G5_2703_729,121.42976853085631,31.11351485908563,柴油,国五,集卡,1,1
外2,G5_2703_735,121.42976853085631,31.343960575473936,柴油,国六,集卡,1,1
外2,G5_2703_737,121.42976853085631,31.420650788451876,柴油,国四,集卡,1,1
外2,G5_2704_722,121.47468429506229,30.843952931191293,柴油,国六,集卡,1,1
外4,G5_2704_725,121.47468429506229,30.959572691386352,其他,未知,未知,1,1
外4,G5_2707_732,121.60943158768023,31.228807962750448,柴油,国四,集卡,1,1
外4,G5_2707_733,121.60943158768023,31.267207791637656,电动,新能源,未知,1,1
外4,G5_2703_723,121.42976853085631,30.882508365567617,其他,未知,未知,1,1
外4,G5_2703_723,121.42976853085631,30.882508365567617,柴油,国五,集卡,1,1
外4,G5_2703_723,121.42976853085631,30.882508365567617,柴油,国六,集卡,1,1
外4,G5_2703_723,121.42976853085631,30.882508365567617,柴油,国四,集卡,1,1
外4,G5_2703_724,121.42976853085631,30.921048289362904,其他,未知,未知,1,1
外4,G5_2703_724,121.42976853085631,30.921048289362904,柴油,国四,集卡,1,1
外4,G5_2703_726,121.42976853085631,30.99808156047971,其他,未知,未知,1,1
外2,G5_2704_723,121.47468429506229,30.882508365567617,柴油,国五,集卡,1,1
外2,G5_2699_729,121.25010547403241,31.11351485908563,其他,未知,未知,1,1
外2,G5_2699_730,121.25010547403241,31.151961485527742,柴油,国四,集卡,1,1
外2,G5_2699_731,121.25010547403241,31.190392523736996,柴油,国五,集卡,1,1
外2,G5_2706_734,121.56451582347424,31.30559199950064,柴油,国四,客车,1,1
外4,G5_2703_721,121.42976853085631,30.805381997457314,柴油,国四,集卡,1,1
外4,G5_2703_721,121.42976853085631,30.805381997457314,电动,新能源,未知,1,1
外4,G5_2703_722,121.42976853085631,30.843952931191293,其他,未知,未知,1,1
外4,G5_2703_722,121.42976853085631,30.843952931191293,电动,新能源,未知,1,1
外2,G5_2698_734,121.20518970982643,31.30559199950064,柴油,国六,集卡,1,1
外2,G5_2698_734,121.20518970982643,31.30559199950064,柴油,国四,集卡,1,1
外2,G5_2698_737,121.20518970982643,31.420650788451876,柴油,国四,集卡,1,1
外2,G5_2699_719,121.25010547403241,30.728193676973024,柴油,国五,集卡,1,1
外2,G5_2699_727,121.25010547403241,31.036574885517357,柴油,国四,集卡,1,1
外2,G5_2699_727,121.25010547403241,31.036574885517357,电动,新能源,未知,1,1
外2,G5_2699_728,121.25010547403241,31.075052655406168,柴油,国六,集卡,1,1
外2,G5_2699_728,121.25010547403241,31.075052655406168,柴油,国四,集卡,1,1
外4,G5_2708_730,121.65434735188619,31.151961485527742,柴油,国五,集卡,1,1
外4,G5_2708_730,121.65434735188619,31.151961485527742,柴油,国四,集卡,1,1
外4,G5_2708_731,121.65434735188619,31.190392523736996,柴油,国五,普通货车,1,1
外4,G5_2708_732,121.65434735188619,31.228807962750448,柴油,国四,普通货车,1,1
外4,G5_2709_728,121.69926311609218,31.075052655406168,其他,未知,未知,1,1
外2,G5_2698_732,121.20518970982643,31.228807962750448,柴油,国四,集卡,1,1
外2,G5_2698_732,121.20518970982643,31.228807962750448,电动,新能源,未知,1,1
外2,G5_2698_733,121.20518970982643,31.267207791637656,柴油,国六,集卡,1,1
外4,G5_2710_732,121.74417888029814,31.228807962750448,电动,新能源,未知,1,1
外4,G5_2710_733,121.74417888029814,31.267207791637656,其他,未知,未知,1,1
外4,G5_2711_722,121.78909464450413,30.843952931191293,柴油,国六,集卡,1,1
外2,G5_2696_726,121.11535818141448,30.99808156047971,柴油,国五,集卡,1,1
外2,G5_2696_727,121.11535818141448,31.036574885517357,柴油,国五,集卡,1,1
外2,G5_2696_727,121.11535818141448,31.036574885517357,柴油,国六,集卡,1,1
外2,G5_2696_728,121.11535818141448,31.075052655406168,柴油,国五,集卡,1,1
外2,G5_2696_730,121.11535818141448,31.151961485527742,柴油,国五,集卡,1,1
外4,G5_2709_732,121.69926311609218,31.228807962750448,其他,未知,集卡,1,1
外4,G5_2709_733,121.69926311609218,31.267207791637656,柴油,国五,客车,1,1
外4,G5_2710_725,121.74417888029814,30.959572691386352,其他,未知,未知,1,1
外4,G5_2710_726,121.74417888029814,30.99808156047971,其他,未知,未知,1,1
外4,G5_2710_726,121.74417888029814,30.99808156047971,柴油,国六,集卡,1,1
外4,G5_2710_726,121.74417888029814,30.99808156047971,柴油,国四,集卡,1,1
外4,G5_2710_731,121.74417888029814,31.190392523736996,柴油,国三,集卡,1,1
外4,G5_2710_732,121.74417888029814,31.228807962750448,柴油,国五,普通货车,1,1
外2,G5_2705_725,121.51960005926826,30.959572691386352,柴油,国六,集卡,1,1
外2,G5_2705_728,121.51960005926826,31.075052655406168,其他,未知,未知,1,1
外2,G5_2699_734,121.25010547403241,31.30559199950064,其他,未知,未知,1,1
外2,G5_2699_734,121.25010547403241,31.30559199950064,柴油,国六,集卡,1,1
外2,G5_2699_735,121.25010547403241,31.343960575473936,其他,未知,未知,1,1
外4,G5_2709_730,121.69926311609218,31.151961485527742,柴油,国五,集卡,1,1
外4,G5_2709_730,121.69926311609218,31.151961485527742,柴油,国六,集卡,1,1
外4,G5_2709_730,121.69926311609218,31.151961485527742,电动,新能源,未知,1,1
外2,G5_2704_725,121.47468429506229,30.959572691386352,柴油,国四,集卡,1,1
外2,G5_2704_729,121.47468429506229,31.11351485908563,柴油,国五,集卡,1,1
外2,G5_2704_736,121.47468429506229,31.382313508724522,柴油,国五,普通货车,1,1
外2,G5_2705_722,121.51960005926826,30.843952931191293,其他,未知,未知,1,1
外2,G5_2705_722,121.51960005926826,30.843952931191293,柴油,国六,集卡,1,1
外2,G5_2705_722,121.51960005926826,30.843952931191293,柴油,国四,集卡,1,1
外2,G5_2705_724,121.51960005926826,30.921048289362904,柴油,国五,罐车,1,1
外2,G5_2705_724,121.51960005926826,30.921048289362904,柴油,国六,集卡,1,1
外4,G5_2711_727,121.78909464450413,31.036574885517357,柴油,国四,集卡,1,1
外4,G5_2711_728,121.78909464450413,31.075052655406168,其他,未知,未知,1,1
外4,G5_2711_728,121.78909464450413,31.075052655406168,柴油,国六,集卡,1,1
外4,G5_2711_729,121.78909464450413,31.11351485908563,电动,新能源,未知,1,1
外4,G5_2711_730,121.78909464450413,31.151961485527742,其他,未知,未知,1,1
外4,G5_2711_730,121.78909464450413,31.151961485527742,柴油,国五,集卡,1,1
外4,G5_2711_730,121.78909464450413,31.151961485527742,柴油,国四,集卡,1,1
外4,G5_2712_722,121.83401040871009,30.843952931191293,柴油,国五,普通货车,1,1
外2,G5_2698_731,121.20518970982643,31.190392523736996,其他,未知,未知,1,1
外2,G5_2698_732,121.20518970982643,31.228807962750448,其他,未知,未知,1,1
外2,G5_2698_732,121.20518970982643,31.228807962750448,柴油,国六,集卡,1,1
外4,G5_2711_726,121.78909464450413,30.99808156047971,其他,未知,未知,1,1
外4,G5_2711_726,121.78909464450413,30.99808156047971,柴油,国六,集卡,1,1
外4,G5_2711_727,121.78909464450413,31.036574885517357,其他,未知,未知,1,1
外4,G5_2711_727,121.78909464450413,31.036574885517357,柴油,国五,集卡,1,1
外4,G5_2711_727,121.78909464450413,31.036574885517357,柴油,国六,集卡,1,1
外2,G5_2697_735,121.16027394562046,31.343960575473936,柴油,国四,集卡,1,1
外2,G5_2697_736,121.16027394562046,31.382313508724522,其他,未知,未知,1,1
外2,G5_2697_737,121.16027394562046,31.420650788451876,柴油,国六,集卡,1,1
外2,G5_2698_724,121.20518970982643,30.921048289362904,柴油,国五,集卡,1,1
外2,G5_2698_724,121.20518970982643,30.921048289362904,柴油,国六,集卡,1,1
外2,G5_2698_725,121.20518970982643,30.959572691386352,柴油,国六,集卡,1,1
外2,G5_2698_729,121.20518970982643,31.11351485908563,柴油,国五,集卡,1,1
外2,G5_2698_729,121.20518970982643,31.11351485908563,柴油,国六,集卡,1,1
外2,G5_2696_731,121.11535818141448,31.190392523736996,其他,未知,未知,1,1
外2,G5_2696_731,121.11535818141448,31.190392523736996,柴油,国六,集卡,1,1
外2,G5_2696_731,121.11535818141448,31.190392523736996,柴油,国四,集卡,1,1
外2,G5_2696_733,121.11535818141448,31.267207791637656,柴油,国五,集卡,1,1
外2,G5_2697_727,121.16027394562046,31.036574885517357,柴油,国五,集卡,1,1
外2,G5_2697_731,121.16027394562046,31.190392523736996,其他,未知,未知,1,1
外2,G5_2697_731,121.16027394562046,31.190392523736996,柴油,国五,集卡,1,1
外2,G5_2697_732,121.16027394562046,31.228807962750448,柴油,国五,集卡,1,1
外4,G5_2702_733,121.38485276665034,31.267207791637656,柴油,国五,集卡,1,1
外4,G5_2702_734,121.38485276665034,31.30559199950064,其他,未知,未知,1,1
外4,G5_2702_735,121.38485276665034,31.343960575473936,柴油,国六,集卡,1,1
外4,G5_2702_735,121.38485276665034,31.343960575473936,柴油,国四,集卡,1,1
外4,G5_2702_736,121.38485276665034,31.382313508724522,柴油,国六,普通货车,1,1
外4,G5_2702_736,121.38485276665034,31.382313508724522,柴油,国四,普通货车,1,1
外2,G5_2705_729,121.51960005926826,31.11351485908563,其他,未知,未知,1,1
外2,G5_2705_729,121.51960005926826,31.11351485908563,柴油,国五,集卡,1,1
外2,G5_2694_726,121.02552665300253,30.99808156047971,其他,未知,未知,1,1
外2,G5_2695_723,121.07044241720851,30.882508365567617,柴油,国六,集卡,1,1
外2,G5_2708_728,121.65434735188619,31.075052655406168,柴油,国五,集卡,1,1
外2,G5_2708_729,121.65434735188619,31.11351485908563,柴油,国五,集卡,1,1
外4,G5_2702_726,121.38485276665034,30.99808156047971,其他,未知,未知,1,1
外4,G5_2702_727,121.38485276665034,31.036574885517357,其他,未知,未知,1,1
外4,G5_2702_727,121.38485276665034,31.036574885517357,柴油,国六,集卡,1,1
外4,G5_2702_728,121.38485276665034,31.075052655406168,柴油,国四,集卡,1,1
外1,G5_2713_722,121.87892617291608,30.843952931191293,其他,未知,未知,1,1
外1,G5_2713_725,121.87892617291608,30.959572691386352,柴油,国五,集卡,1,1
外1,G5_2713_725,121.87892617291608,30.959572691386352,柴油,国四,普通货车,1,1
外1,G5_2713_725,121.87892617291608,30.959572691386352,柴油,国四,集卡,1,1
外1,G5_2713_726,121.87892617291608,30.99808156047971,其他,未知,未知,1,1
外1,G5_2714_725,121.92384193712206,30.959572691386352,柴油,国六,集卡,1,1
外2,G5_2694_723,121.02552665300253,30.882508365567617,柴油,国五,普通货车,1,1
外2,G5_2694_723,121.02552665300253,30.882508365567617,柴油,国五,集卡,1,1
外4,G5_2712_722,121.83401040871009,30.843952931191293,柴油,国四,普通货车,1,1
外1,G5_2712_724,121.83401040871009,30.921048289362904,柴油,国四,普通货车,1,1
外1,G5_2712_728,121.83401040871009,31.075052655406168,其他,未知,未知,1,1
外1,G5_2712_728,121.83401040871009,31.075052655406168,柴油,国五,集卡,1,1
外1,G5_2712_728,121.83401040871009,31.075052655406168,柴油,国四,普通货车,1,1
外1,G5_2712_729,121.83401040871009,31.11351485908563,柴油,国五,集卡,1,1
外1,G5_2712_729,121.83401040871009,31.11351485908563,柴油,国六,集卡,1,1
外1,G5_2712_729,121.83401040871009,31.11351485908563,柴油,国四,集卡,1,1
外5,G5_2696_723,121.11535818141448,30.882508365567617,柴油,国五,集卡,1,1
外5,G5_2696_725,121.11535818141448,30.959572691386352,柴油,国六,集卡,1,1
外5,G5_2696_731,121.11535818141448,31.190392523736996,其他,未知,未知,1,1
外5,G5_2697_723,121.16027394562046,30.882508365567617,柴油,国五,集卡,1,1
外5,G5_2697_723,121.16027394562046,30.882508365567617,柴油,国六,集卡,1,1
外5,G5_2697_727,121.16027394562046,31.036574885517357,柴油,国五,集卡,1,1
外5,G5_2697_731,121.16027394562046,31.190392523736996,柴油,国五,集卡,1,1
外5,G5_2697_734,121.16027394562046,31.30559199950064,其他,未知,未知,1,1
外4,G5_2713_723,121.87892617291608,30.882508365567617,柴油,国四,客车,1,1
外4,G5_2713_725,121.87892617291608,30.959572691386352,柴油,国四,集卡,1,1
外4,G5_2713_726,121.87892617291608,30.99808156047971,柴油,国五,集卡,1,1
外4,G5_2714_725,121.92384193712206,30.959572691386352,柴油,国五,集卡,1,1
外4,G5_2714_725,121.92384193712206,30.959572691386352,柴油,国六,集卡,1,1
外5,G5_2692_727,120.93569512459058,31.036574885517357,柴油,国五,集卡,1,1
外5,G5_2695_723,121.07044241720851,30.882508365567617,柴油,国五,集卡,1,1
外5,G5_2695_723,121.07044241720851,30.882508365567617,柴油,国六,集卡,1,1
外2,G5_2706_733,121.56451582347424,31.267207791637656,柴油,国五,普通货车,1,1
外2,G5_2695_728,121.07044241720851,31.075052655406168,柴油,国五,集卡,1,1
外2,G5_2695_732,121.07044241720851,31.228807962750448,柴油,国六,集卡,1,1
外4,G5_2712_723,121.83401040871009,30.882508365567617,柴油,国五,普通货车,1,1
外4,G5_2712_726,121.83401040871009,30.99808156047971,其他,未知,未知,1,1
外4,G5_2712_729,121.83401040871009,31.11351485908563,柴油,国五,集卡,1,1
外4,G5_2713_722,121.87892617291608,30.843952931191293,柴油,国五,普通货车,1,1
外4,G5_2713_722,121.87892617291608,30.843952931191293,柴油,国四,客车,1,1
外2,G5_2705_732,121.51960005926826,31.228807962750448,柴油,国六,客车,1,1
外2,G5_2705_735,121.51960005926826,31.343960575473936,柴油,国五,渣土,1,1
外2,G5_2706_722,121.56451582347424,30.843952931191293,柴油,国五,集卡,1,1
外2,G5_2706_724,121.56451582347424,30.921048289362904,柴油,国五,集卡,1,1
外2,G5_2706_727,121.56451582347424,31.036574885517357,其他,未知,未知,1,1
外2,G5_2706_729,121.56451582347424,31.11351485908563,柴油,国五,集卡,1,1
外2,G5_2706_730,121.56451582347424,31.151961485527742,柴油,国五,集卡,1,1
外2,G5_2706_730,121.56451582347424,31.151961485527742,柴油,国四,集卡,1,1
外4,G5_2702_724,121.38485276665034,30.921048289362904,其他,未知,未知,1,1
外4,G5_2702_724,121.38485276665034,30.921048289362904,柴油,国五,集卡,1,1
外4,G5_2702_724,121.38485276665034,30.921048289362904,柴油,国六,集卡,1,1
外4,G5_2702_725,121.38485276665034,30.959572691386352,柴油,国四,集卡,1,1
外2,G5_2706_735,121.56451582347424,31.343960575473936,柴油,国六,集卡,1,1
外2,G5_2707_723,121.60943158768023,30.882508365567617,柴油,国六,集卡,1,1
外2,G5_2707_727,121.60943158768023,31.036574885517357,其他,未知,未知,1,1
外2,G5_2707_727,121.60943158768023,31.036574885517357,电动,新能源,未知,1,1
外5,G5_2699_727,121.25010547403241,31.036574885517357,其他,未知,未知,1,1
外5,G5_2699_733,121.25010547403241,31.267207791637656,柴油,国四,集卡,1,1
外5,G5_2699_734,121.25010547403241,31.30559199950064,柴油,国五,集卡,1,1
外5,G5_2699_734,121.25010547403241,31.30559199950064,柴油,国六,集卡,1,1
外5,G5_2699_735,121.25010547403241,31.343960575473936,柴油,国五,集卡,1,1
外5,G5_2699_737,121.25010547403241,31.420650788451876,其他,未知,未知,1,1
外4,G5_2701_734,121.33993700244436,31.30559199950064,柴油,国六,普通货车,1,1
外4,G5_2702_721,121.38485276665034,30.805381997457314,柴油,国四,集卡,1,1
外5,G5_2698_734,121.20518970982643,31.30559199950064,柴油,国六,普通货车,1,1
外5,G5_2698_734,121.20518970982643,31.30559199950064,柴油,国四,集卡,1,1
外5,G5_2698_735,121.20518970982643,31.343960575473936,柴油,国五,集卡,1,1
外5,G5_2698_736,121.20518970982643,31.382313508724522,柴油,国五,集卡,1,1
外5,G5_2698_737,121.20518970982643,31.420650788451876,柴油,国五,集卡,1,1
外5,G5_2698_737,121.20518970982643,31.420650788451876,柴油,国六,集卡,1,1
外5,G5_2698_738,121.20518970982643,31.45897240388786,其他,未知,未知,1,1
外5,G5_2699_721,121.25010547403241,30.805381997457314,柴油,国六,集卡,1,1
外5,G5_2697_736,121.16027394562046,31.382313508724522,柴油,国五,集卡,1,1
外5,G5_2698_722,121.20518970982643,30.843952931191293,柴油,国五,集卡,1,1
外5,G5_2698_724,121.20518970982643,30.921048289362904,柴油,国五,集卡,1,1
外5,G5_2698_725,121.20518970982643,30.959572691386352,柴油,国五,集卡,1,1
外5,G5_2698_731,121.20518970982643,31.190392523736996,柴油,国六,集卡,1,1
外5,G5_2698_732,121.20518970982643,31.228807962750448,其他,未知,未知,1,1
外5,G5_2698_732,121.20518970982643,31.228807962750448,柴油,国四,集卡,1,1
外5,G5_2698_733,121.20518970982643,31.267207791637656,其他,未知,未知,1,1
外5,G5_2700_728,121.2950212382384,31.075052655406168,其他,未知,未知,1,1
外5,G5_2700_728,121.2950212382384,31.075052655406168,柴油,国六,集卡,1,1
外5,G5_2700_729,121.2950212382384,31.11351485908563,其他,未知,未知,1,1
外5,G5_2700_734,121.2950212382384,31.30559199950064,柴油,国五,集卡,1,1
外5,G5_2700_735,121.2950212382384,31.343960575473936,柴油,国四,普通货车,1,1
外5,G5_2701_720,121.33993700244436,30.76679557562169,柴油,国五,集卡,1,1
外5,G5_2701_720,121.33993700244436,30.76679557562169,柴油,国六,集卡,1,1
外5,G5_2701_721,121.33993700244436,30.805381997457314,其他,未知,未知,1,1
外1,G5_2711_730,121.78909464450413,31.151961485527742,柴油,国五,集卡,1,1
外1,G5_2711_730,121.78909464450413,31.151961485527742,电动,新能源,未知,1,1
外1,G5_2711_731,121.78909464450413,31.190392523736996,柴油,国四,集卡,1,1
外1,G5_2712_722,121.83401040871009,30.843952931191293,柴油,国五,集卡,1,1
外1,G5_2712_723,121.83401040871009,30.882508365567617,柴油,国四,集卡,1,1
外1,G5_2712_724,121.83401040871009,30.921048289362904,柴油,国五,普通货车,1,1
外5,G5_2700_719,121.2950212382384,30.728193676973024,柴油,国五,集卡,1,1
外5,G5_2700_727,121.2950212382384,31.036574885517357,其他,未知,未知,1,1
外1,G5_2710_733,121.74417888029814,31.267207791637656,柴油,国六,集卡,1,1
外1,G5_2710_733,121.74417888029814,31.267207791637656,柴油,国四,集卡,1,1
外1,G5_2711_722,121.78909464450413,30.843952931191293,其他,未知,未知,1,1
外1,G5_2711_722,121.78909464450413,30.843952931191293,柴油,国五,集卡,1,1
外1,G5_2711_723,121.78909464450413,30.882508365567617,柴油,国六,集卡,1,1
外1,G5_2711_723,121.78909464450413,30.882508365567617,柴油,国四,集卡,1,1
外1,G5_2711_724,121.78909464450413,30.921048289362904,柴油,国六,集卡,1,1
外1,G5_2711_727,121.78909464450413,31.036574885517357,柴油,国四,集卡,1,1
外2,G5_2707_728,121.60943158768023,31.075052655406168,柴油,国五,集卡,1,1
外2,G5_2707_730,121.60943158768023,31.151961485527742,柴油,国五,集卡,1,1
外2,G5_2707_732,121.60943158768023,31.228807962750448,柴油,国五,集卡,1,1
外2,G5_2708_723,121.65434735188619,30.882508365567617,柴油,国四,集卡,1,1
外2,G5_2708_726,121.65434735188619,30.99808156047971,柴油,国四,集卡,1,1
外5,G5_2699_738,121.25010547403241,31.45897240388786,柴油,国五,集卡,1,1
外5,G5_2699_738,121.25010547403241,31.45897240388786,柴油,国四,普通货车,1,1
外1,G5_2710_732,121.74417888029814,31.228807962750448,柴油,国五,普通货车,1,1
外5,G5_2701_739,121.33993700244436,31.497278344296827,柴油,国四,集卡,1,1
外5,G5_2702_724,121.38485276665034,30.921048289362904,柴油,国五,集卡,1,1
外5,G5_2702_724,121.38485276665034,30.921048289362904,柴油,国六,集卡,1,1
外5,G5_2702_725,121.38485276665034,30.959572691386352,柴油,国五,集卡,1,1
外5,G5_2702_726,121.38485276665034,30.99808156047971,柴油,国四,集卡,1,1
外5,G5_2702_728,121.38485276665034,31.075052655406168,柴油,国五,集卡,1,1
外5,G5_2702_730,121.38485276665034,31.151961485527742,柴油,国五,集卡,1,1
外5,G5_2702_732,121.38485276665034,31.228807962750448,柴油,国五,集卡,1,1
外5,G5_2701_727,121.33993700244436,31.036574885517357,柴油,国五,集卡,1,1
外5,G5_2701_727,121.33993700244436,31.036574885517357,柴油,国六,集卡,1,1
外5,G5_2701_728,121.33993700244436,31.075052655406168,柴油,国四,集卡,1,1
外5,G5_2701_729,121.33993700244436,31.11351485908563,柴油,国五,普通货车,1,1
外5,G5_2701_733,121.33993700244436,31.267207791637656,柴油,国四,集卡,1,1
外5,G5_2701_734,121.33993700244436,31.30559199950064,柴油,国六,集卡,1,1
外5,G5_2701_736,121.33993700244436,31.382313508724522,柴油,国六,集卡,1,1
外5,G5_2701_739,121.33993700244436,31.497278344296827,其他,未知,未知,1,1
外1,G5_2710_724,121.74417888029814,30.921048289362904,其他,未知,未知,1,1
外1,G5_2710_724,121.74417888029814,30.921048289362904,柴油,国五,集卡,1,1
外1,G5_2710_725,121.74417888029814,30.959572691386352,柴油,国五,集卡,1,1
外1,G5_2710_725,121.74417888029814,30.959572691386352,柴油,国六,集卡,1,1
外1,G5_2710_727,121.74417888029814,31.036574885517357,柴油,国六,集卡,1,1
外1,G5_2710_729,121.74417888029814,31.11351485908563,柴油,国五,集卡,1,1
外1,G5_2710_730,121.74417888029814,31.151961485527742,柴油,国五,渣土,1,1
外1,G5_2710_730,121.74417888029814,31.151961485527742,柴油,国四,集卡,1,1
外5,G5_2701_721,121.33993700244436,30.805381997457314,柴油,国五,集卡,1,1
外5,G5_2701_726,121.33993700244436,30.99808156047971,柴油,国六,普通货车,1,1
外1,G5_2709_730,121.69926311609218,31.151961485527742,柴油,国四,集卡,1,1
外1,G5_2709_732,121.69926311609218,31.228807962750448,其他,未知,未知,1,1
外1,G5_2709_732,121.69926311609218,31.228807962750448,柴油,国五,普通货车,1,1
外1,G5_2709_732,121.69926311609218,31.228807962750448,柴油,国五,渣土,1,1
外1,G5_2709_733,121.69926311609218,31.267207791637656,电动,新能源,未知,1,1
外1,G5_2710_722,121.74417888029814,30.843952931191293,柴油,国五,集卡,1,1
外2,G5_2708_731,121.65434735188619,31.190392523736996,柴油,国五,集卡,1,1
外2,G5_2708_731,121.65434735188619,31.190392523736996,柴油,国六,普通货车,1,1
外2,G5_2708_732,121.65434735188619,31.228807962750448,电动,新能源,未知,1,1
外2,G5_2709_724,121.69926311609218,30.921048289362904,其他,未知,未知,1,1
外2,G5_2709_726,121.69926311609218,30.99808156047971,柴油,国五,集卡,1,1
外2,G5_2709_728,121.69926311609218,31.075052655406168,柴油,国五,集卡,1,1
外2,G5_2709_729,121.69926311609218,31.11351485908563,柴油,国五,集卡,1,1
外2,G5_2709_729,121.69926311609218,31.11351485908563,柴油,国六,集卡,1,1
外4,G5_2701_727,121.33993700244436,31.036574885517357,其他,未知,未知,1,1
外4,G5_2701_728,121.33993700244436,31.075052655406168,其他,未知,未知,1,1
外4,G5_2701_728,121.33993700244436,31.075052655406168,柴油,国四,集卡,1,1
外4,G5_2701_729,121.33993700244436,31.11351485908563,柴油,国四,集卡,1,1
外4,G5_2701_730,121.33993700244436,31.151961485527742,其他,未知,未知,1,1
外4,G5_2701_730,121.33993700244436,31.151961485527742,柴油,国四,集卡,1,1
外4,G5_2701_731,121.33993700244436,31.190392523736996,柴油,国五,集卡,1,1
外4,G5_2701_732,121.33993700244436,31.228807962750448,其他,未知,未知,1,1
外5,G5_2703_725,121.42976853085631,30.959572691386352,柴油,国四,集卡,1,1
外5,G5_2703_736,121.42976853085631,31.382313508724522,柴油,国四,集卡,1,1
外5,G5_2703_737,121.42976853085631,31.420650788451876,柴油,国六,集卡,1,1
外5,G5_2704_721,121.47468429506229,30.805381997457314,其他,未知,未知,1,1
外4,G5_2701_722,121.33993700244436,30.843952931191293,其他,未知,未知,1,1
外4,G5_2701_722,121.33993700244436,30.843952931191293,柴油,国六,集卡,1,1
外4,G5_2701_722,121.33993700244436,30.843952931191293,柴油,国四,集卡,1,1
外4,G5_2701_723,121.33993700244436,30.882508365567617,柴油,国四,集卡,1,1
外5,G5_2702_735,121.38485276665034,31.343960575473936,柴油,国五,集卡,1,1
外5,G5_2702_738,121.38485276665034,31.45897240388786,柴油,国四,集卡,1,1
外5,G5_2702_739,121.38485276665034,31.497278344296827,其他,未知,未知,1,1
外5,G5_2702_739,121.38485276665034,31.497278344296827,柴油,国四,集卡,1,1
外5,G5_2703_722,121.42976853085631,30.843952931191293,柴油,国五,集卡,1,1
外5,G5_2703_723,121.42976853085631,30.882508365567617,柴油,国五,集卡,1,1
外5,G5_2703_723,121.42976853085631,30.882508365567617,柴油,国六,集卡,1,1
外5,G5_2703_725,121.42976853085631,30.959572691386352,其他,未知,未知,1,1
外5,G5_2704_737,121.47468429506229,31.420650788451876,其他,未知,未知,1,1
外5,G5_2704_737,121.47468429506229,31.420650788451876,柴油,国五,其它,1,1
外5,G5_2705_723,121.51960005926826,30.882508365567617,柴油,国六,集卡,1,1
外5,G5_2705_729,121.51960005926826,31.11351485908563,其他,未知,未知,1,1
外5,G5_2705_736,121.51960005926826,31.382313508724522,柴油,国五,集卡,1,1
外1,G5_2706_722,121.56451582347424,30.843952931191293,其他,未知,未知,1,1
外1,G5_2706_722,121.56451582347424,30.843952931191293,柴油,国五,集卡,1,1
外1,G5_2706_722,121.56451582347424,30.843952931191293,柴油,国六,集卡,1,1
外1,G5_2709_725,121.69926311609218,30.959572691386352,其他,未知,未知,1,1
外1,G5_2709_728,121.69926311609218,31.075052655406168,柴油,国六,集卡,1,1
外1,G5_2709_729,121.69926311609218,31.11351485908563,柴油,国六,集卡,1,1
外5,G5_2704_723,121.47468429506229,30.882508365567617,柴油,国五,集卡,1,1
外5,G5_2704_725,121.47468429506229,30.959572691386352,柴油,国六,集卡,1,1
外5,G5_2704_728,121.47468429506229,31.075052655406168,柴油,国五,普通货车,1,1
外5,G5_2704_728,121.47468429506229,31.075052655406168,柴油,国六,普通货车,1,1
外5,G5_2704_734,121.47468429506229,31.30559199950064,其他,未知,未知,1,1
外1,G5_2708_726,121.65434735188619,30.99808156047971,柴油,国六,集卡,1,1
外1,G5_2708_727,121.65434735188619,31.036574885517357,柴油,国五,集卡,1,1
外1,G5_2708_729,121.65434735188619,31.11351485908563,柴油,国五,集卡,1,1
外1,G5_2708_731,121.65434735188619,31.190392523736996,柴油,国五,渣土,1,1
外1,G5_2708_732,121.65434735188619,31.228807962750448,柴油,国四,集卡,1,1
外1,G5_2708_733,121.65434735188619,31.267207791637656,柴油,国五,渣土,1,1
外1,G5_2708_733,121.65434735188619,31.267207791637656,柴油,国五,集卡,1,1
外1,G5_2709_724,121.69926311609218,30.921048289362904,柴油,国四,集卡,1,1
外2,G5_2709_729,121.69926311609218,31.11351485908563,柴油,国四,普通货车,1,1
外2,G5_2709_729,121.69926311609218,31.11351485908563,柴油,国四,集卡,1,1
外2,G5_2709_731,121.69926311609218,31.190392523736996,柴油,国五,集卡,1,1
外4,G5_2701_732,121.33993700244436,31.228807962750448,柴油,国四,集卡,1,1
外4,G5_2701_733,121.33993700244436,31.267207791637656,电动,新能源,未知,1,1
外4,G5_2701_734,121.33993700244436,31.30559199950064,柴油,国五,普通货车,1,1
外5,G5_2704_722,121.47468429506229,30.843952931191293,柴油,国五,集卡,1,1
外1,G5_2708_724,121.65434735188619,30.921048289362904,柴油,国六,集卡,1,1
外5,G5_2707_726,121.60943158768023,30.99808156047971,其他,未知,未知,1,1
外5,G5_2707_730,121.60943158768023,31.151961485527742,柴油,国五,普通货车,1,1
外5,G5_2707_730,121.60943158768023,31.151961485527742,柴油,国五,集卡,1,1
外5,G5_2707_730,121.60943158768023,31.151961485527742,柴油,国六,集卡,1,1
外5,G5_2707_734,121.60943158768023,31.30559199950064,柴油,国五,普通货车,1,1
外5,G5_2707_734,121.60943158768023,31.30559199950064,柴油,国四,集卡,1,1
外5,G5_2708_728,121.65434735188619,31.075052655406168,柴油,国五,集卡,1,1
外5,G5_2708_729,121.65434735188619,31.11351485908563,柴油,国五,集卡,1,1
外5,G5_2706_722,121.56451582347424,30.843952931191293,其他,未知,未知,1,1
外5,G5_2706_722,121.56451582347424,30.843952931191293,柴油,国五,集卡,1,1
外5,G5_2706_724,121.56451582347424,30.921048289362904,柴油,国六,集卡,1,1
外5,G5_2706_727,121.56451582347424,31.036574885517357,柴油,国四,集卡,1,1
外5,G5_2706_730,121.56451582347424,31.151961485527742,柴油,国四,集卡,1,1
外5,G5_2706_734,121.56451582347424,31.30559199950064,柴油,国五,集卡,1,1
外5,G5_2706_735,121.56451582347424,31.343960575473936,柴油,国六,集卡,1,1
外5,G5_2707_724,121.60943158768023,30.921048289362904,柴油,国五,集卡,1,1
外1,G5_2707_729,121.60943158768023,31.11351485908563,其他,未知,未知,1,1
外1,G5_2707_729,121.60943158768023,31.11351485908563,柴油,国六,集卡,1,1
外1,G5_2707_729,121.60943158768023,31.11351485908563,柴油,国四,集卡,1,1
外1,G5_2707_730,121.60943158768023,31.151961485527742,柴油,国五,集卡,1,1
外1,G5_2707_730,121.60943158768023,31.151961485527742,柴油,国四,集卡,1,1
外1,G5_2707_731,121.60943158768023,31.190392523736996,柴油,国五,集卡,1,1
外1,G5_2707_732,121.60943158768023,31.228807962750448,柴油,国五,集卡,1,1
外5,G5_2705_736,121.51960005926826,31.382313508724522,柴油,国四,集卡,1,1
外1,G5_2706_726,121.56451582347424,30.99808156047971,柴油,国五,集卡,1,1
外1,G5_2706_730,121.56451582347424,31.151961485527742,柴油,国五,集卡,1,1
外1,G5_2706_731,121.56451582347424,31.190392523736996,其他,未知,未知,1,1
外1,G5_2706_733,121.56451582347424,31.267207791637656,柴油,国五,集卡,1,1
外1,G5_2706_733,121.56451582347424,31.267207791637656,柴油,国四,集卡,1,1
外1,G5_2706_734,121.56451582347424,31.30559199950064,柴油,国五,渣土,1,1
外1,G5_2707_724,121.60943158768023,30.921048289362904,柴油,国六,集卡,1,1
外1,G5_2707_727,121.60943158768023,31.036574885517357,柴油,国四,集卡,1,1
外2,G5_2710_725,121.74417888029814,30.959572691386352,柴油,国六,集卡,1,1
外2,G5_2710_725,121.74417888029814,30.959572691386352,柴油,国四,集卡,1,1
外2,G5_2710_727,121.74417888029814,31.036574885517357,柴油,国五,集卡,1,1
外2,G5_2710_731,121.74417888029814,31.190392523736996,电动,新能源,未知,1,1
外2,G5_2710_732,121.74417888029814,31.228807962750448,其他,未知,未知,1,1
外4,G5_2701_719,121.33993700244436,30.728193676973024,柴油,国五,集卡,1,1
外4,G5_2701_719,121.33993700244436,30.728193676973024,柴油,国六,集卡,1,1
外4,G5_2701_720,121.33993700244436,30.76679557562169,柴油,国五,集卡,1,1
外4,G5_2700_735,121.2950212382384,31.343960575473936,柴油,国六,普通货车,1,1
外4,G5_2700_735,121.2950212382384,31.343960575473936,电动,新能源,未知,1,1
外4,G5_2700_736,121.2950212382384,31.382313508724522,柴油,国四,集卡,1,1
外4,G5_2700_738,121.2950212382384,31.45897240388786,柴油,国四,集卡,1,1
外4,G5_2700_739,121.2950212382384,31.497278344296827,其他,未知,未知,1,1
外4,G5_2700_739,121.2950212382384,31.497278344296827,柴油,国四,集卡,1,1
外4,G5_2701_718,121.33993700244436,30.689576312832592,柴油,国六,集卡,1,1
外2,G5_2710_724,121.74417888029814,30.921048289362904,电动,新能源,未知,1,1
外5,G5_2709_729,121.69926311609218,31.11351485908563,柴油,国五,普通货车,1,1
外5,G5_2709_729,121.69926311609218,31.11351485908563,柴油,国六,集卡,1,1
外5,G5_2709_730,121.69926311609218,31.151961485527742,柴油,国五,集卡,1,1
外4,G5_2700_730,121.2950212382384,31.151961485527742,电动,新能源,未知,1,1
外4,G5_2700_733,121.2950212382384,31.267207791637656,柴油,国六,集卡,1,1
外4,G5_2700_733,121.2950212382384,31.267207791637656,柴油,国四,集卡,1,1
外4,G5_2700_734,121.2950212382384,31.30559199950064,柴油,国四,集卡,1,1
外4,G5_2700_735,121.2950212382384,31.343960575473936,其他,未知,集卡,1,1
外5,G5_2708_730,121.65434735188619,31.151961485527742,柴油,国六,普通货车,1,1
外5,G5_2708_730,121.65434735188619,31.151961485527742,柴油,国四,集卡,1,1
外5,G5_2708_732,121.65434735188619,31.228807962750448,柴油,国六,集卡,1,1
外5,G5_2708_733,121.65434735188619,31.267207791637656,电动,新能源,未知,1,1
外5,G5_2709_723,121.69926311609218,30.882508365567617,柴油,国六,集卡,1,1
外5,G5_2709_724,121.69926311609218,30.921048289362904,柴油,国五,集卡,1,1
外5,G5_2709_726,121.69926311609218,30.99808156047971,柴油,国五,集卡,1,1
外5,G5_2709_727,121.69926311609218,31.036574885517357,柴油,国六,集卡,1,1
外5,G5_2710_730,121.74417888029814,31.151961485527742,柴油,国六,集卡,1,1
外5,G5_2710_731,121.74417888029814,31.190392523736996,其他,未知,未知,1,1
外5,G5_2710_731,121.74417888029814,31.190392523736996,柴油,国五,普通货车,1,1
外5,G5_2710_731,121.74417888029814,31.190392523736996,柴油,国五,集卡,1,1
外5,G5_2710_733,121.74417888029814,31.267207791637656,柴油,国五,集卡,1,1
外5,G5_2710_733,121.74417888029814,31.267207791637656,柴油,国四,集卡,1,1
外5,G5_2711_723,121.78909464450413,30.882508365567617,柴油,国四,普通货车,1,1
外5,G5_2711_724,121.78909464450413,30.921048289362904,柴油,国五,普通货车,1,1
外5,G5_2709_733,121.69926311609218,31.267207791637656,柴油,国四,普通货车,1,1
外5,G5_2710_724,121.74417888029814,30.921048289362904,其他,未知,未知,1,1
外5,G5_2710_724,121.74417888029814,30.921048289362904,柴油,国五,其它,1,1
外5,G5_2710_724,121.74417888029814,30.921048289362904,柴油,国四,集卡,1,1
外5,G5_2710_726,121.74417888029814,30.99808156047971,柴油,国五,普通货车,1,1
外5,G5_2710_726,121.74417888029814,30.99808156047971,柴油,国六,集卡,1,1
外5,G5_2710_727,121.74417888029814,31.036574885517357,柴油,国六,集卡,1,1
外5,G5_2710_730,121.74417888029814,31.151961485527742,其他,未知,未知,1,1
外1,G5_2704_737,121.47468429506229,31.420650788451876,柴油,国六,集卡,1,1
外1,G5_2705_722,121.51960005926826,30.843952931191293,柴油,国六,集卡,1,1
外1,G5_2705_723,121.51960005926826,30.882508365567617,其他,未知,未知,1,1
外1,G5_2705_723,121.51960005926826,30.882508365567617,柴油,国五,集卡,1,1
外1,G5_2705_724,121.51960005926826,30.921048289362904,柴油,国六,集卡,1,1
外1,G5_2705_726,121.51960005926826,30.99808156047971,柴油,国六,集卡,1,1
外1,G5_2705_729,121.51960005926826,31.11351485908563,柴油,国五,集卡,1,1
外1,G5_2705_735,121.51960005926826,31.343960575473936,电动,新能源,未知,1,1
外4,G5_2701_720,121.33993700244436,30.76679557562169,电动,新能源,未知,1,1
外4,G5_2701_721,121.33993700244436,30.805381997457314,柴油,国四,集卡,1,1
外5,G5_2709_732,121.69926311609218,31.228807962750448,柴油,国五,集卡,1,1
外5,G5_2709_732,121.69926311609218,31.228807962750448,柴油,国六,集卡,1,1
外5,G5_2709_732,121.69926311609218,31.228807962750448,柴油,国四,集卡,1,1
外1,G5_2704_726,121.47468429506229,30.99808156047971,柴油,国六,集卡,1,1
外1,G5_2704_735,121.47468429506229,31.343960575473936,柴油,国六,普通货车,1,1
外1,G5_2704_737,121.47468429506229,31.420650788451876,其他,未知,未知,1,1
外2,G5_2711_722,121.78909464450413,30.843952931191293,其他,未知,未知,1,1
外2,G5_2711_722,121.78909464450413,30.843952931191293,柴油,国四,集卡,1,1
外2,G5_2711_723,121.78909464450413,30.882508365567617,电动,新能源,未知,1,1
外2,G5_2711_724,121.78909464450413,30.921048289362904,柴油,国五,集卡,1,1
外2,G5_2711_724,121.78909464450413,30.921048289362904,柴油,国六,集卡,1,1
外2,G5_2711_725,121.78909464450413,30.959572691386352,柴油,国五,集卡,1,1
外2,G5_2711_727,121.78909464450413,31.036574885517357,柴油,国五,集卡,1,1
外2,G5_2711_727,121.78909464450413,31.036574885517357,柴油,国六,集卡,1,1
外4,G5_2700_726,121.2950212382384,30.99808156047971,柴油,国四,普通货车,1,1
外4,G5_2700_727,121.2950212382384,31.036574885517357,其他,未知,集卡,1,1
外4,G5_2700_727,121.2950212382384,31.036574885517357,柴油,国五,普通货车,1,1
外4,G5_2700_728,121.2950212382384,31.075052655406168,柴油,国四,集卡,1,1
外4,G5_2700_729,121.2950212382384,31.11351485908563,柴油,国六,集卡,1,1
外4,G5_2700_729,121.2950212382384,31.11351485908563,柴油,国四,集卡,1,1
外2,G5_2710_732,121.74417888029814,31.228807962750448,电动,新能源,未知,1,1
外2,G5_2710_733,121.74417888029814,31.267207791637656,其他,未知,未知,1,1
外5,G5_2711_731,121.78909464450413,31.190392523736996,柴油,国六,普通货车,1,1
外5,G5_2712_722,121.83401040871009,30.843952931191293,其他,未知,未知,1,1
外5,G5_2712_722,121.83401040871009,30.843952931191293,柴油,国五,其它,1,1
外5,G5_2712_722,121.83401040871009,30.843952931191293,柴油,国五,集卡,1,1
外5,G5_2712_722,121.83401040871009,30.843952931191293,柴油,国六,集卡,1,1
外4,G5_2700_724,121.2950212382384,30.921048289362904,其他,未知,未知,1,1
外4,G5_2700_724,121.2950212382384,30.921048289362904,柴油,国六,集卡,1,1
外4,G5_2700_725,121.2950212382384,30.959572691386352,柴油,国四,集卡,1,1
外5,G5_2711_724,121.78909464450413,30.921048289362904,柴油,国五,集卡,1,1
外5,G5_2711_724,121.78909464450413,30.921048289362904,柴油,国六,集卡,1,1
外5,G5_2711_726,121.78909464450413,30.99808156047971,柴油,国五,集卡,1,1
外5,G5_2711_726,121.78909464450413,30.99808156047971,柴油,国六,集卡,1,1
外5,G5_2711_729,121.78909464450413,31.11351485908563,其他,未知,未知,1,1
外5,G5_2711_729,121.78909464450413,31.11351485908563,柴油,国四,集卡,1,1
外5,G5_2711_731,121.78909464450413,31.190392523736996,其他,未知,未知,1,1
外5,G5_2711_731,121.78909464450413,31.190392523736996,柴油,国五,普通货车,1,1
外5,G5_2713_723,121.87892617291608,30.882508365567617,柴油,国五,其它,1,1
外5,G5_2713_723,121.87892617291608,30.882508365567617,柴油,国六,普通货车,1,1
外6,G5_2695_725,121.07044241720851,30.959572691386352,柴油,国五,集卡,1,1
外6,G5_2695_726,121.07044241720851,30.99808156047971,柴油,国六,普通货车,1,1
外6,G5_2696_724,121.11535818141448,30.921048289362904,柴油,国五,集卡,1,1
外6,G5_2696_732,121.11535818141448,31.228807962750448,柴油,国六,普通货车,1,1
外6,G5_2696_733,121.11535818141448,31.267207791637656,柴油,国五,集卡,1,1
外6,G5_2697_726,121.16027394562046,30.99808156047971,其他,未知,未知,1,1
外1,G5_2703_734,121.42976853085631,31.30559199950064,柴油,国五,集卡,1,1
外1,G5_2703_735,121.42976853085631,31.343960575473936,柴油,国五,普通货车,1,1
外1,G5_2703_735,121.42976853085631,31.343960575473936,柴油,国五,集卡,1,1
外1,G5_2703_736,121.42976853085631,31.382313508724522,电动,新能源,未知,1,1
外1,G5_2703_738,121.42976853085631,31.45897240388786,柴油,国五,集卡,1,1
外1,G5_2703_738,121.42976853085631,31.45897240388786,柴油,国六,集卡,1,1
外1,G5_2704_722,121.47468429506229,30.843952931191293,柴油,国四,集卡,1,1
外1,G5_2704_725,121.47468429506229,30.959572691386352,柴油,国五,集卡,1,1
外1,G5_2703_722,121.42976853085631,30.843952931191293,其他,未知,未知,1,1
外1,G5_2703_722,121.42976853085631,30.843952931191293,柴油,国六,集卡,1,1
外1,G5_2703_724,121.42976853085631,30.921048289362904,柴油,国五,集卡,1,1
外1,G5_2703_725,121.42976853085631,30.959572691386352,柴油,国五,集卡,1,1
外1,G5_2703_725,121.42976853085631,30.959572691386352,柴油,国六,集卡,1,1
外1,G5_2703_726,121.42976853085631,30.99808156047971,柴油,国六,集卡,1,1
外1,G5_2703_726,121.42976853085631,30.99808156047971,柴油,国四,集卡,1,1
外1,G5_2703_728,121.42976853085631,31.075052655406168,其他,未知,未知,1,1
外2,G5_2711_727,121.78909464450413,31.036574885517357,柴油,国四,集卡,1,1
外2,G5_2711_729,121.78909464450413,31.11351485908563,柴油,国五,集卡,1,1
外2,G5_2711_731,121.78909464450413,31.190392523736996,柴油,国六,普通货车,1,1
外2,G5_2711_731,121.78909464450413,31.190392523736996,柴油,国六,集卡,1,1
外4,G5_2700_730,121.2950212382384,31.151961485527742,柴油,国四,集卡,1,1
外5,G5_2712_727,121.83401040871009,31.036574885517357,其他,未知,未知,1,1
外5,G5_2712_728,121.83401040871009,31.075052655406168,柴油,国六,集卡,1,1
外1,G5_2703_721,121.42976853085631,30.805381997457314,柴油,国四,集卡,1,1
外6,G5_2701_723,121.33993700244436,30.882508365567617,柴油,国五,集卡,1,1
外6,G5_2701_723,121.33993700244436,30.882508365567617,柴油,国六,集卡,1,1
外6,G5_2701_723,121.33993700244436,30.882508365567617,柴油,国四,普通货车,1,1
外6,G5_2701_726,121.33993700244436,30.99808156047971,柴油,国四,客车,1,1
外6,G5_2701_726,121.33993700244436,30.99808156047971,柴油,国四,渣土,1,1
外6,G5_2701_728,121.33993700244436,31.075052655406168,柴油,国六,客车,1,1
外6,G5_2701_728,121.33993700244436,31.075052655406168,柴油,国六,普通货车,1,1
外6,G5_2701_729,121.33993700244436,31.11351485908563,柴油,国五,集卡,1,1
外6,G5_2700_731,121.2950212382384,31.190392523736996,其他,未知,未知,1,1
外6,G5_2700_731,121.2950212382384,31.190392523736996,柴油,国六,客车,1,1
外6,G5_2700_735,121.2950212382384,31.343960575473936,柴油,国五,普通货车,1,1
外6,G5_2700_736,121.2950212382384,31.382313508724522,柴油,国五,普通货车,1,1
外6,G5_2700_739,121.2950212382384,31.497278344296827,其他,未知,未知,1,1
外6,G5_2700_748,121.2950212382384,31.841324676416093,柴油,国六,普通货车,1,1
外6,G5_2701_721,121.33993700244436,30.805381997457314,柴油,国五,普通货车,1,1
外6,G5_2701_723,121.33993700244436,30.882508365567617,柴油,国五,普通货车,1,1
外6,G5_2699_733,121.25010547403241,31.267207791637656,柴油,国五,集卡,1,1
外6,G5_2699_734,121.25010547403241,31.30559199950064,柴油,国六,普通货车,1,1
外6,G5_2699_734,121.25010547403241,31.30559199950064,柴油,国六,集卡,1,1
外6,G5_2699_738,121.25010547403241,31.45897240388786,柴油,国五,集卡,1,1
外6,G5_2699_746,121.25010547403241,31.764980131412766,柴油,国五,集卡,1,1
外6,G5_2700_719,121.2950212382384,30.728193676973024,柴油,国六,普通货车,1,1
外6,G5_2700_724,121.2950212382384,30.921048289362904,柴油,国五,普通货车,1,1
外6,G5_2700_730,121.2950212382384,31.151961485527742,柴油,国六,普通货车,1,1
外6,G5_2698_723,121.20518970982643,30.882508365567617,其他,未知,未知,1,1
外6,G5_2698_734,121.20518970982643,31.30559199950064,柴油,国五,普通货车,1,1
外6,G5_2698_734,121.20518970982643,31.30559199950064,柴油,国五,集卡,1,1
外6,G5_2698_737,121.20518970982643,31.420650788451876,柴油,国五,集卡,1,1
外6,G5_2698_747,121.20518970982643,31.803160289009686,其他,未知,未知,1,1
外6,G5_2699_727,121.25010547403241,31.036574885517357,柴油,国五,集卡,1,1
外6,G5_2699_727,121.25010547403241,31.036574885517357,电动,新能源,未知,1,1
外6,G5_2699_729,121.25010547403241,31.11351485908563,电动,新能源,未知,1,1
外4,G5_2699_731,121.25010547403241,31.190392523736996,柴油,国五,集卡,1,1
外4,G5_2699_732,121.25010547403241,31.228807962750448,其他,未知,未知,1,1
外4,G5_2699_732,121.25010547403241,31.228807962750448,柴油,国四,集卡,1,1
外4,G5_2699_735,121.25010547403241,31.343960575473936,柴油,国五,集卡,1,1
外4,G5_2699_737,121.25010547403241,31.420650788451876,其他,未知,未知,1,1
外2,G5_2712_722,121.83401040871009,30.843952931191293,柴油,国四,集卡,1,1
外2,G5_2712_724,121.83401040871009,30.921048289362904,其他,未知,未知,1,1
外2,G5_2712_724,121.83401040871009,30.921048289362904,柴油,国四,集卡,1,1
外6,G5_2702_737,121.38485276665034,31.420650788451876,柴油,国四,集卡,1,1
外6,G5_2702_738,121.38485276665034,31.45897240388786,柴油,国六,集卡,1,1
外6,G5_2702_742,121.38485276665034,31.612102008491252,柴油,国五,普通货车,1,1
外4,G5_2699_727,121.25010547403241,31.036574885517357,电动,新能源,未知,1,1
外4,G5_2699_728,121.25010547403241,31.075052655406168,柴油,国六,集卡,1,1
外4,G5_2699_729,121.25010547403241,31.11351485908563,其他,未知,未知,1,1
外4,G5_2699_729,121.25010547403241,31.11351485908563,柴油,国六,集卡,1,1
外4,G5_2699_730,121.25010547403241,31.151961485527742,柴油,国六,集卡,1,1
外6,G5_2702_726,121.38485276665034,30.99808156047971,柴油,国六,普通货车,1,1
外6,G5_2702_727,121.38485276665034,31.036574885517357,其他,未知,未知,1,1
外6,G5_2702_728,121.38485276665034,31.075052655406168,柴油,国六,客车,1,1
外6,G5_2702_732,121.38485276665034,31.228807962750448,柴油,国五,客车,1,1
外6,G5_2702_734,121.38485276665034,31.30559199950064,柴油,国五,普通货车,1,1
外6,G5_2702_734,121.38485276665034,31.30559199950064,柴油,国六,客车,1,1
外6,G5_2702_735,121.38485276665034,31.343960575473936,柴油,国五,普通货车,1,1
外6,G5_2702_737,121.38485276665034,31.420650788451876,柴油,国五,集卡,1,1
外6,G5_2701_732,121.33993700244436,31.228807962750448,柴油,国五,普通货车,1,1
外6,G5_2701_733,121.33993700244436,31.267207791637656,柴油,国五,客车,1,1
外6,G5_2701_733,121.33993700244436,31.267207791637656,柴油,国六,普通货车,1,1
外6,G5_2701_734,121.33993700244436,31.30559199950064,其他,未知,未知,1,1
外6,G5_2701_734,121.33993700244436,31.30559199950064,柴油,国六,集卡,1,1
外6,G5_2701_738,121.33993700244436,31.45897240388786,柴油,国五,集卡,1,1
外6,G5_2701_745,121.33993700244436,31.726784214069642,柴油,国六,集卡,1,1
外6,G5_2702_724,121.38485276665034,30.921048289362904,其他,未知,未知,1,1
外6,G5_2702_747,121.38485276665034,31.803160289009686,柴油,国五,集卡,1,1
外6,G5_2703_721,121.42976853085631,30.805381997457314,柴油,国六,普通货车,1,1
外6,G5_2703_725,121.42976853085631,30.959572691386352,柴油,国六,集卡,1,1
外6,G5_2703_727,121.42976853085631,31.036574885517357,柴油,国四,集卡,1,1
外6,G5_2703_728,121.42976853085631,31.075052655406168,柴油,国四,渣土,1,1
外6,G5_2703_729,121.42976853085631,31.11351485908563,其他,未知,未知,1,1
外6,G5_2703_730,121.42976853085631,31.151961485527742,柴油,国五,客车,1,1
外6,G5_2703_730,121.42976853085631,31.151961485527742,柴油,国四,客车,1,1
外1,G5_2702_728,121.38485276665034,31.075052655406168,柴油,国五,集卡,1,1
外1,G5_2702_730,121.38485276665034,31.151961485527742,柴油,国五,集卡,1,1
外1,G5_2702_735,121.38485276665034,31.343960575473936,柴油,国六,集卡,1,1
外1,G5_2702_736,121.38485276665034,31.382313508724522,其他,未知,未知,1,1
外1,G5_2702_739,121.38485276665034,31.497278344296827,其他,未知,未知,1,1
外1,G5_2702_739,121.38485276665034,31.497278344296827,电动,新能源,未知,1,1
外1,G5_2703_720,121.42976853085631,30.76679557562169,柴油,国五,集卡,1,1
外6,G5_2702_743,121.38485276665034,31.650345142083754,柴油,国六,集卡,1,1
外6,G5_2702_742,121.38485276665034,31.612102008491252,柴油,国五,集卡,1,1
外6,G5_2702_742,121.38485276665034,31.612102008491252,柴油,国六,客车,1,1
外6,G5_2702_743,121.38485276665034,31.650345142083754,其他,未知,未知,1,1
外1,G5_2702_723,121.38485276665034,30.882508365567617,柴油,国六,集卡,1,1
外1,G5_2702_723,121.38485276665034,30.882508365567617,电动,新能源,未知,1,1
外1,G5_2702_724,121.38485276665034,30.921048289362904,其他,未知,未知,1,1
外1,G5_2702_726,121.38485276665034,30.99808156047971,其他,未知,未知,1,1
外1,G5_2702_726,121.38485276665034,30.99808156047971,电动,新能源,未知,1,1
外2,G5_2712_727,121.83401040871009,31.036574885517357,其他,未知,未知,1,1
外2,G5_2712_728,121.83401040871009,31.075052655406168,其他,未知,未知,1,1
外2,G5_2712_729,121.83401040871009,31.11351485908563,柴油,国五,集卡,1,1
外2,G5_2713_722,121.87892617291608,30.843952931191293,柴油,国四,集卡,1,1
外2,G5_2713_723,121.87892617291608,30.882508365567617,电动,新能源,未知,1,1
外2,G5_2714_723,121.92384193712206,30.882508365567617,柴油,国六,客车,1,1
外4,G5_2700_721,121.2950212382384,30.805381997457314,柴油,国五,集卡,1,1
外4,G5_2700_721,121.2950212382384,30.805381997457314,柴油,国六,集卡,1,1
外6,G5_2705_731,121.51960005926826,31.190392523736996,柴油,国四,客车,1,1
外6,G5_2705_732,121.51960005926826,31.228807962750448,柴油,国五,客车,1,1
外6,G5_2705_734,121.51960005926826,31.30559199950064,柴油,国四,普通货车,1,1
外6,G5_2705_734,121.51960005926826,31.30559199950064,电动,新能源,未知,1,1
外6,G5_2705_735,121.51960005926826,31.343960575473936,其他,未知,未知,1,1
外6,G5_2705_735,121.51960005926826,31.343960575473936,柴油,国五,渣土,1,1
外6,G5_2705_735,121.51960005926826,31.343960575473936,柴油,国六,集卡,1,1
外6,G5_2705_735,121.51960005926826,31.343960575473936,柴油,国四,集卡,1,1
外6,G5_2704_742,121.47468429506229,31.612102008491252,柴油,国六,普通货车,1,1
外6,G5_2704_742,121.47468429506229,31.612102008491252,柴油,国六,集卡,1,1
外6,G5_2704_743,121.47468429506229,31.650345142083754,柴油,国五,普通货车,1,1
外6,G5_2704_744,121.47468429506229,31.688572547456985,柴油,国六,客车,1,1
外6,G5_2705_721,121.51960005926826,30.805381997457314,柴油,国四,客车,1,1
外6,G5_2705_724,121.51960005926826,30.921048289362904,柴油,国五,普通货车,1,1
外6,G5_2705_727,121.51960005926826,31.036574885517357,柴油,国五,客车,1,1
外6,G5_2705_729,121.51960005926826,31.11351485908563,柴油,国六,集卡,1,1
外6,G5_2704_729,121.47468429506229,31.11351485908563,其他,未知,未知,1,1
外6,G5_2704_729,121.47468429506229,31.11351485908563,柴油,国六,客车,1,1
外6,G5_2704_731,121.47468429506229,31.190392523736996,柴油,国五,客车,1,1
外6,G5_2704_735,121.47468429506229,31.343960575473936,柴油,国五,普通货车,1,1
外6,G5_2704_735,121.47468429506229,31.343960575473936,电动,新能源,未知,1,1
外6,G5_2704_737,121.47468429506229,31.420650788451876,柴油,国六,客车,1,1
外6,G5_2704_742,121.47468429506229,31.612102008491252,其他,未知,未知,1,1
外6,G5_2704_742,121.47468429506229,31.612102008491252,柴油,国五,普通货车,1,1
外6,G5_2703_734,121.42976853085631,31.30559199950064,柴油,国六,普通货车,1,1
外6,G5_2703_735,121.42976853085631,31.343960575473936,柴油,国六,客车,1,1
外6,G5_2703_736,121.42976853085631,31.382313508724522,柴油,国五,普通货车,1,1
外6,G5_2703_736,121.42976853085631,31.382313508724522,柴油,国六,集卡,1,1
外6,G5_2703_737,121.42976853085631,31.420650788451876,柴油,国五,集卡,1,1
外6,G5_2703_737,121.42976853085631,31.420650788451876,柴油,国六,集卡,1,1
外6,G5_2704_728,121.47468429506229,31.075052655406168,柴油,国五,集卡,1,1
外6,G5_2704_728,121.47468429506229,31.075052655406168,柴油,国六,集卡,1,1
外4,G5_2696_726,121.11535818141448,30.99808156047971,柴油,国五,集卡,1,1
外4,G5_2696_730,121.11535818141448,31.151961485527742,柴油,国六,集卡,1,1
外4,G5_2696_732,121.11535818141448,31.228807962750448,柴油,国五,普通货车,1,1
外4,G5_2696_733,121.11535818141448,31.267207791637656,柴油,国六,集卡,1,1
外4,G5_2697_722,121.16027394562046,30.843952931191293,柴油,国六,集卡,1,1
外4,G5_2699_721,121.25010547403241,30.805381997457314,柴油,国四,集卡,1,1
外4,G5_2699_722,121.25010547403241,30.843952931191293,柴油,国五,集卡,1,1
外4,G5_2699_723,121.25010547403241,30.882508365567617,柴油,国五,集卡,1,1
外4,G5_2694_728,121.02552665300253,31.075052655406168,柴油,国五,集卡,1,1
外4,G5_2695_722,121.07044241720851,30.843952931191293,柴油,国五,集卡,1,1
外4,G5_2695_723,121.07044241720851,30.882508365567617,柴油,国六,集卡,1,1
外4,G5_2695_726,121.07044241720851,30.99808156047971,电动,新能源,未知,1,1
外4,G5_2695_728,121.07044241720851,31.075052655406168,柴油,国六,集卡,1,1
外4,G5_2695_728,121.07044241720851,31.075052655406168,柴油,国四,集卡,1,1
外4,G5_2695_731,121.07044241720851,31.190392523736996,其他,未知,未知,1,1
外4,G5_2696_723,121.11535818141448,30.882508365567617,柴油,国五,集卡,1,1
外6,G5_2706_729,121.56451582347424,31.11351485908563,其他,未知,未知,1,1
外6,G5_2706_729,121.56451582347424,31.11351485908563,柴油,国五,普通货车,1,1
外6,G5_2706_733,121.56451582347424,31.267207791637656,其他,未知,未知,1,1
外6,G5_2706_733,121.56451582347424,31.267207791637656,柴油,国五,客车,1,1
外6,G5_2706_733,121.56451582347424,31.267207791637656,柴油,国五,普通货车,1,1
外1,G5_2701_721,121.33993700244436,30.805381997457314,柴油,国六,集卡,1,1
外4,G5_2692_728,120.93569512459058,31.075052655406168,柴油,国五,集卡,1,1
外4,G5_2694_723,121.02552665300253,30.882508365567617,柴油,国四,集卡,1,1
外6,G5_2705_736,121.51960005926826,31.382313508724522,柴油,国六,集卡,1,1
外6,G5_2705_736,121.51960005926826,31.382313508724522,电动,新能源,未知,1,1
外6,G5_2705_741,121.51960005926826,31.57384315725316,柴油,国六,客车,1,1
外6,G5_2705_742,121.51960005926826,31.612102008491252,柴油,国六,普通货车,1,1
外6,G5_2705_744,121.51960005926826,31.688572547456985,柴油,国五,集卡,1,1
外6,G5_2706_722,121.56451582347424,30.843952931191293,柴油,国六,集卡,1,1
外6,G5_2706_727,121.56451582347424,31.036574885517357,柴油,国六,客车,1,1
外6,G5_2706_727,121.56451582347424,31.036574885517357,柴油,国六,普通货车,1,1
外6,G5_2707_724,121.60943158768023,30.921048289362904,柴油,国五,集卡,1,1
外6,G5_2707_726,121.60943158768023,30.99808156047971,柴油,国六,普通货车,1,1
外6,G5_2707_729,121.60943158768023,31.11351485908563,柴油,国五,客车,1,1
外6,G5_2707_729,121.60943158768023,31.11351485908563,柴油,国五,普通货车,1,1
外6,G5_2707_729,121.60943158768023,31.11351485908563,柴油,国六,集卡,1,1
外6,G5_2707_730,121.60943158768023,31.151961485527742,柴油,国五,客车,1,1
外6,G5_2707_733,121.60943158768023,31.267207791637656,柴油,国五,普通货车,1,1
外6,G5_2707_734,121.60943158768023,31.30559199950064,柴油,国五,客车,1,1
外6,G5_2706_734,121.56451582347424,31.30559199950064,柴油,国六,普通货车,1,1
外6,G5_2706_734,121.56451582347424,31.30559199950064,柴油,国六,集卡,1,1
外6,G5_2706_735,121.56451582347424,31.343960575473936,柴油,国五,普通货车,1,1
外6,G5_2706_735,121.56451582347424,31.343960575473936,柴油,国六,集卡,1,1
外6,G5_2706_738,121.56451582347424,31.45897240388786,柴油,国五,普通货车,1,1
外6,G5_2706_741,121.56451582347424,31.57384315725316,柴油,国五,集卡,1,1
外6,G5_2706_741,121.56451582347424,31.57384315725316,柴油,国六,普通货车,1,1
外6,G5_2706_742,121.56451582347424,31.612102008491252,柴油,国五,集卡,1,1
外1,G5_2701_731,121.33993700244436,31.190392523736996,其他,未知,未知,1,1
外1,G5_2701_734,121.33993700244436,31.30559199950064,柴油,国六,集卡,1,1
外1,G5_2701_735,121.33993700244436,31.343960575473936,其他,未知,未知,1,1
外1,G5_2701_737,121.33993700244436,31.420650788451876,柴油,国五,集卡,1,1
外1,G5_2701_738,121.33993700244436,31.45897240388786,柴油,国六,集卡,1,1
外1,G5_2701_738,121.33993700244436,31.45897240388786,柴油,国四,集卡,1,1
外1,G5_2702_721,121.38485276665034,30.805381997457314,柴油,国五,集卡,1,1
外6,G5_2706_733,121.56451582347424,31.267207791637656,柴油,国六,普通货车,1,1
外4,G5_2699_725,121.25010547403241,30.959572691386352,柴油,国五,集卡,1,1
外1,G5_2701_722,121.33993700244436,30.843952931191293,柴油,国四,集卡,1,1
外1,G5_2701_723,121.33993700244436,30.882508365567617,柴油,国五,集卡,1,1
外1,G5_2701_723,121.33993700244436,30.882508365567617,柴油,国六,集卡,1,1
外1,G5_2701_726,121.33993700244436,30.99808156047971,柴油,国六,集卡,1,1
外1,G5_2701_726,121.33993700244436,30.99808156047971,柴油,国四,集卡,1,1
外1,G5_2701_727,121.33993700244436,31.036574885517357,柴油,国四,集卡,1,1
外1,G5_2701_728,121.33993700244436,31.075052655406168,其他,未知,未知,1,1
外4,G5_2698_730,121.20518970982643,31.151961485527742,柴油,国四,集卡,1,1
外4,G5_2698_731,121.20518970982643,31.190392523736996,柴油,国五,集卡,1,1
外4,G5_2698_731,121.20518970982643,31.190392523736996,柴油,国四,集卡,1,1
外4,G5_2698_732,121.20518970982643,31.228807962750448,其他,未知,未知,1,1
外4,G5_2698_732,121.20518970982643,31.228807962750448,柴油,国四,集卡,1,1
外4,G5_2698_734,121.20518970982643,31.30559199950064,柴油,国四,集卡,1,1
外4,G5_2698_735,121.20518970982643,31.343960575473936,柴油,国六,集卡,1,1
外4,G5_2698_735,121.20518970982643,31.343960575473936,柴油,国四,集卡,1,1
外4,G5_2697_737,121.16027394562046,31.420650788451876,其他,未知,未知,1,1
外4,G5_2697_737,121.16027394562046,31.420650788451876,柴油,国五,普通货车,1,1
外4,G5_2698_722,121.20518970982643,30.843952931191293,柴油,国六,集卡,1,1
外4,G5_2698_723,121.20518970982643,30.882508365567617,柴油,国五,集卡,1,1
外4,G5_2698_724,121.20518970982643,30.921048289362904,柴油,国六,普通货车,1,1
外4,G5_2698_726,121.20518970982643,30.99808156047971,其他,未知,未知,1,1
外4,G5_2698_726,121.20518970982643,30.99808156047971,柴油,国六,集卡,1,1
外4,G5_2698_726,121.20518970982643,30.99808156047971,电动,新能源,未知,1,1
外6,G5_2708_728,121.65434735188619,31.075052655406168,柴油,国六,客车,1,1
外6,G5_2708_728,121.65434735188619,31.075052655406168,柴油,国六,普通货车,1,1
外6,G5_2708_729,121.65434735188619,31.11351485908563,柴油,国五,客车,1,1
外6,G5_2708_729,121.65434735188619,31.11351485908563,柴油,国四,客车,1,1
外6,G5_2708_731,121.65434735188619,31.190392523736996,柴油,国五,客车,1,1
外6,G5_2708_731,121.65434735188619,31.190392523736996,柴油,国六,集卡,1,1
外6,G5_2708_732,121.65434735188619,31.228807962750448,其他,未知,未知,1,1
外4,G5_2697_736,121.16027394562046,31.382313508724522,柴油,国四,集卡,1,1
外6,G5_2707_734,121.60943158768023,31.30559199950064,柴油,国六,普通货车,1,1
外6,G5_2707_737,121.60943158768023,31.420650788451876,其他,未知,未知,1,1
外6,G5_2707_740,121.60943158768023,31.535568598975548,柴油,国五,普通货车,1,1
外6,G5_2707_741,121.60943158768023,31.57384315725316,柴油,国五,普通货车,1,1
外6,G5_2707_742,121.60943158768023,31.612102008491252,柴油,国五,普通货车,1,1
外6,G5_2707_743,121.60943158768023,31.650345142083754,柴油,国五,普通货车,1,1
外6,G5_2707_743,121.60943158768023,31.650345142083754,柴油,国六,普通货车,1,1
外6,G5_2708_726,121.65434735188619,30.99808156047971,其他,未知,未知,1,1
外1,G5_2700_738,121.2950212382384,31.45897240388786,其他,未知,未知,1,1
外1,G5_2700_738,121.2950212382384,31.45897240388786,柴油,国六,集卡,1,1
外1,G5_2700_739,121.2950212382384,31.497278344296827,柴油,国六,集卡,1,1
外6,G5_2708_741,121.65434735188619,31.57384315725316,柴油,国五,普通货车,1,1
外6,G5_2709_723,121.69926311609218,30.882508365567617,其他,未知,未知,1,1
外6,G5_2709_727,121.69926311609218,31.036574885517357,其他,未知,未知,1,1
外6,G5_2709_727,121.69926311609218,31.036574885517357,柴油,国四,集卡,1,1
外6,G5_2709_727,121.69926311609218,31.036574885517357,电动,新能源,未知,1,1
外1,G5_2700_730,121.2950212382384,31.151961485527742,柴油,国四,集卡,1,1
外1,G5_2700_734,121.2950212382384,31.30559199950064,柴油,国五,集卡,1,1
外1,G5_2700_734,121.2950212382384,31.30559199950064,柴油,国六,集卡,1,1
外1,G5_2700_734,121.2950212382384,31.30559199950064,柴油,国四,集卡,1,1
外1,G5_2700_736,121.2950212382384,31.382313508724522,柴油,国四,集卡,1,1
外1,G5_2700_737,121.2950212382384,31.420650788451876,其他,未知,未知,1,1
外1,G5_2700_737,121.2950212382384,31.420650788451876,柴油,国五,集卡,1,1
外1,G5_2700_737,121.2950212382384,31.420650788451876,柴油,国四,集卡,1,1
外6,G5_2708_737,121.65434735188619,31.420650788451876,柴油,国六,集卡,1,1
外1,G5_2700_728,121.2950212382384,31.075052655406168,柴油,国五,集卡,1,1
外1,G5_2700_728,121.2950212382384,31.075052655406168,柴油,国四,集卡,1,1
外1,G5_2700_729,121.2950212382384,31.11351485908563,其他,未知,未知,1,1
外1,G5_2700_729,121.2950212382384,31.11351485908563,柴油,国五,集卡,1,1
外1,G5_2700_729,121.2950212382384,31.11351485908563,柴油,国六,集卡,1,1
外1,G5_2700_730,121.2950212382384,31.151961485527742,其他,未知,未知,1,1
外1,G5_2700_730,121.2950212382384,31.151961485527742,柴油,国五,集卡,1,1
外4,G5_2698_736,121.20518970982643,31.382313508724522,柴油,国五,集卡,1,1
外4,G5_2698_737,121.20518970982643,31.420650788451876,柴油,国四,集卡,1,1
外4,G5_2698_738,121.20518970982643,31.45897240388786,柴油,国六,集卡,1,1
外2,G5_2714_725,121.92384193712206,30.959572691386352,柴油,国五,集卡,1,1
外6,G5_2708_732,121.65434735188619,31.228807962750448,柴油,国五,普通货车,1,1
外6,G5_2708_732,121.65434735188619,31.228807962750448,柴油,国五,集卡,1,1
外6,G5_2708_733,121.65434735188619,31.267207791637656,柴油,国五,普通货车,1,1
外6,G5_2708_736,121.65434735188619,31.382313508724522,柴油,国五,集卡,1,1
外1,G5_2699_733,121.25010547403241,31.267207791637656,柴油,国六,集卡,1,1
外1,G5_2699_734,121.25010547403241,31.30559199950064,其他,未知,未知,1,1
外1,G5_2699_737,121.25010547403241,31.420650788451876,柴油,国六,集卡,1,1
外1,G5_2700_719,121.2950212382384,30.728193676973024,柴油,国六,集卡,1,1
外1,G5_2700_724,121.2950212382384,30.921048289362904,柴油,国五,集卡,1,1
外1,G5_2700_724,121.2950212382384,30.921048289362904,柴油,国六,集卡,1,1
外1,G5_2700_725,121.2950212382384,30.959572691386352,柴油,国五,集卡,1,1
外1,G5_2697_735,121.16027394562046,31.343960575473936,柴油,国五,集卡,1,1
外1,G5_2698_737,121.20518970982643,31.420650788451876,柴油,国六,集卡,1,1
外1,G5_2698_737,121.20518970982643,31.420650788451876,柴油,国四,集卡,1,1
外1,G5_2699_727,121.25010547403241,31.036574885517357,柴油,国六,集卡,1,1
外1,G5_2699_728,121.25010547403241,31.075052655406168,柴油,国五,集卡,1,1
外1,G5_2699_730,121.25010547403241,31.151961485527742,其他,未知,未知,1,1
外1,G5_2699_730,121.25010547403241,31.151961485527742,柴油,国四,集卡,1,1
外1,G5_2699_732,121.25010547403241,31.228807962750448,柴油,国五,集卡,1,1
外1,G5_2699_733,121.25010547403241,31.267207791637656,柴油,国五,集卡,1,1
外6,G5_2710_732,121.74417888029814,31.228807962750448,柴油,国五,普通货车,1,1
外6,G5_2710_734,121.74417888029814,31.30559199950064,柴油,国六,集卡,1,1
外6,G5_2710_735,121.74417888029814,31.343960575473936,柴油,国五,渣土,1,1
外1,G5_2698_733,121.20518970982643,31.267207791637656,柴油,国六,集卡,1,1
外1,G5_2698_734,121.20518970982643,31.30559199950064,柴油,国五,集卡,1,1
外1,G5_2698_735,121.20518970982643,31.343960575473936,柴油,国五,集卡,1,1
外1,G5_2698_737,121.20518970982643,31.420650788451876,其他,未知,未知,1,1
外1,G5_2698_737,121.20518970982643,31.420650788451876,柴油,国五,集卡,1,1
外4,G5_2697_729,121.16027394562046,31.11351485908563,其他,未知,未知,1,1
外4,G5_2697_729,121.16027394562046,31.11351485908563,柴油,国五,集卡,1,1
外4,G5_2697_729,121.16027394562046,31.11351485908563,柴油,国六,集卡,1,1
外4,G5_2697_730,121.16027394562046,31.151961485527742,柴油,国六,集卡,1,1
外4,G5_2697_730,121.16027394562046,31.151961485527742,柴油,国四,集卡,1,1
外4,G5_2697_734,121.16027394562046,31.30559199950064,柴油,国五,集卡,1,1
外4,G5_2697_735,121.16027394562046,31.343960575473936,柴油,国六,集卡,1,1
外4,G5_2697_735,121.16027394562046,31.343960575473936,柴油,国四,集卡,1,1
外6,G5_2711_730,121.78909464450413,31.151961485527742,柴油,国六,客车,1,1
外6,G5_2711_731,121.78909464450413,31.190392523736996,柴油,国五,普通货车,1,1
外6,G5_2712_739,121.83401040871009,31.497278344296827,柴油,国六,客车,1,1
外1,G5_2695_725,121.07044241720851,30.959572691386352,柴油,国五,集卡,1,1
外6,G5_2712_740,121.83401040871009,31.535568598975548,柴油,国五,客车,1,1
外1,G5_2695_723,121.07044241720851,30.882508365567617,柴油,国六,集卡,1,1
外6,G5_2712_740,121.83401040871009,31.535568598975548,柴油,国四,客车,1,1
外6,G5_2713_723,121.87892617291608,30.882508365567617,柴油,国五,集卡,1,1
外6,G5_2710_740,121.74417888029814,31.535568598975548,柴油,国六,集卡,1,1
外6,G5_2710_742,121.74417888029814,31.612102008491252,柴油,国五,普通货车,1,1
外6,G5_2711_722,121.78909464450413,30.843952931191293,其他,未知,未知,1,1
外6,G5_2711_723,121.78909464450413,30.882508365567617,柴油,国六,普通货车,1,1
外6,G5_2711_723,121.78909464450413,30.882508365567617,柴油,国四,集卡,1,1
外6,G5_2711_726,121.78909464450413,30.99808156047971,柴油,国五,集卡,1,1
外6,G5_2711_729,121.78909464450413,31.11351485908563,柴油,国五,普通货车,1,1
外6,G5_2711_729,121.78909464450413,31.11351485908563,柴油,国四,集卡,1,1
外1,G5_2698_732,121.20518970982643,31.228807962750448,柴油,国四,集卡,1,1
外6,G5_2711_735,121.78909464450413,31.343960575473936,柴油,国四,集卡,1,1
外6,G5_2711_735,121.78909464450413,31.343960575473936,电动,新能源,未知,1,1
外6,G5_2710_735,121.74417888029814,31.343960575473936,柴油,国四,普通货车,1,1
外6,G5_2710_735,121.74417888029814,31.343960575473936,柴油,国四,集卡,1,1
外6,G5_2710_735,121.74417888029814,31.343960575473936,电动,新能源,未知,1,1
外6,G5_2710_737,121.74417888029814,31.420650788451876,柴油,国五,集卡,1,1
外6,G5_2710_739,121.74417888029814,31.497278344296827,柴油,国五,集卡,1,1
外1,G5_2697_735,121.16027394562046,31.343960575473936,柴油,国六,集卡,1,1
外1,G5_2697_735,121.16027394562046,31.343960575473936,柴油,国四,集卡,1,1
外1,G5_2697_736,121.16027394562046,31.382313508724522,柴油,国六,集卡,1,1
外1,G5_2697_736,121.16027394562046,31.382313508724522,柴油,国四,集卡,1,1
外1,G5_2697_737,121.16027394562046,31.420650788451876,柴油,国四,集卡,1,1
外1,G5_2698_722,121.20518970982643,30.843952931191293,柴油,国五,集卡,1,1
外1,G5_2698_722,121.20518970982643,30.843952931191293,柴油,国六,集卡,1,1
外1,G5_2698_729,121.20518970982643,31.11351485908563,其他,未知,未知,1,1
